user_id,session_id,height_in,weight_lb,pitch_number,pitch_type,pitch_speed_mph,peak_elbow_flexion,min_elbow_flexion,elbow_rom,peak_elbow_velocity,peak_shoulder_abduction,peak_shoulder_velocity,peak_trunk_rotation,trunk_rotation_range,peak_trunk_velocity,peak_knee_flexion,min_knee_flexion,llb_foot_strike_frame,llb_foot_strike_time_s,llb_ankle_velocity_at_strike,llb_ankle_velocity_post_strike,llb_ankle_velocity_delta,llb_ankle_braking_decel,llb_knee_angle_at_strike,llb_knee_ext_peak_velocity,llb_knee_extension_range,llb_time_to_peak_extension,llb_stride_length,llb_knee_ankle_offset,llb_knee_forward_vel_at_strike,llb_knee_forward_vel_25ms,llb_knee_forward_vel_50ms,llb_knee_forward_vel_100ms,llb_knee_forward_vel_150ms,llb_knee_forward_vel_post,llb_knee_forward_decel,llb_head_forward_disp,llb_head_forward_disp_post,llb_hip_ankle_offset,llb_trunk_forward_lean,llb_stride_forward,llb_pelvis_vel_at_strike,llb_pelvis_vel_post,llb_pelvis_decel,llb_trunk_rotation_at_strike,llb_trunk_rot_vel_at_strike,llb_time_fs_to_peak_trunk_vel,llb_elbow_angle_at_strike,llb_time_fs_to_peak_elbow_vel,llb_shoulder_abd_at_strike,elbow_peak_accel,elbow_rms_jerk,trunk_peak_accel,trunk_rms_jerk,shoulder_peak_accel,shoulder_rms_jerk,knee_pos_rms_jerk,seq_gap_pelvis_to_trunk,seq_gap_trunk_to_shoulder,seq_gap_shoulder_to_elbow,kinematic_seq_score,seq_total_duration,peak_elbow_linear_speed,peak_wrist_linear_speed,peak_finger_linear_speed,whip_wrist_elbow,whip_finger_elbow,whip_finger_wrist,whip_delay_elbow_to_wrist,whip_delay_wrist_to_finger,whip_delay_elbow_to_finger,filename,llb_stride_length_norm,llb_knee_ankle_offset_norm,llb_head_forward_disp_norm,llb_head_forward_disp_post_norm,llb_hip_ankle_offset_norm,llb_trunk_forward_lean_norm,llb_stride_forward_norm,llb_ankle_braking_decel_norm,llb_knee_forward_vel_at_strike_norm,llb_knee_forward_vel_25ms_norm,llb_knee_forward_vel_50ms_norm,llb_knee_forward_vel_100ms_norm,llb_knee_forward_vel_150ms_norm,llb_knee_forward_vel_post_norm,llb_knee_forward_decel_norm,llb_pelvis_vel_at_strike_norm,llb_pelvis_vel_post_norm,llb_pelvis_decel_norm,llb_trunk_rot_vel_at_strike_norm,bmi
000002,003034,73.0,207.0,2.0,FF,80.9,156.70993457835306,50.45068956387987,106.25924501447318,2452.1541700567423,117.74595111510934,1193.387257922301,57.95030070480411,57.94282818480686,916.016748273163,179.36764041230253,69.35763285549967,405.0,1.125,3.3785539292650677,4.930868305522231,-1.5523143762571632,-31.046287525143264,173.65635821852194,196.84519807701236,3.5448719027663174,0.11666666666666667,0.8041215488444908,0.028724863353709114,2.9420627967079076,2.7786189900498486,2.7847584891373343,2.7772261746898765,2.8468298999669774,2.7847584891373343,0.15730430757057334,0.07342019107427304,0.07005195956795535,0.005087890504538672,-0.18211785774290631,0.441026728904441,1.0801145578012399,1.012904948515214,0.06720960928602593,11.769099261240344,82.04128651993983,0.5222222222222223,67.87004409502292,0.46111111111111114,48.301551139452734,269831.11753106746,5453220.191487552,66436.13605753095,2495562.9746194514,93566.95630409797,3098799.5104013975,26271.07555974375,0.2111111111111111,-0.05,-0.011111111111111112,0.3333333333333333,0.2111111111111111,15.25462384207158,24.489207284621454,29.17250946812338,1.605362907545534,1.9123716041864556,1.1912394357674008,0.05,0.0,0.05,000002_003034_73_207_002_FF_809.c3d,0.4336757355433561,0.015491782630627287,0.03959669457139092,0.03778015293277713,0.0027439815039039333,-0.09821910136064411,0.23785283621208125,-16.74376417060903,1.58670197212162,1.4985540880432795,1.5018652190364223,1.4978029202296823,1.5353413331717063,1.5018652190364223,0.08483675308519759,0.5825232217674684,0.5462759942375224,0.03624722752994603,44.24619055114866,27.31053688791559
000072,002996,76.0,229.0,1.0,FF,88.9,140.93611443660004,41.92808988276656,99.00802455383348,2937.241298187715,116.6944358278102,1700.5743310628204,76.23133985884498,76.21509200892288,1120.2477365235216,179.27057294359662,57.84451587477521,455.0,1.2638888888888888,0.1078231501139138,-0.046943299562820735,0.15476644967673453,3.0953289935346904,141.5275597132168,769.2787118366249,37.74301323037983,0.14444444444444443,1.333770222553255,-0.09364225702865007,0.5411299660627757,0.6540641728857374,0.04162520588930598,-0.35593850298815694,-0.815872982714651,0.04162520588930598,0.4995047601734698,0.8586204575755926,0.4250151292185502,-0.4302050811652112,-0.10538991846470687,1.304023959943112,2.776355400243567,1.649389109442625,1.126966290800942,69.97617919728816,-322.86525150869863,0.10833333333333334,57.380375806323336,0.10833333333333334,109.01592187582352,342237.83248423366,5609386.752706967,296527.27831959183,4780353.8564860765,133186.06194943658,3566930.374206561,27686.863116675977,0.12222222222222222,0.075,-0.075,0.6666666666666666,0.19722222222222222,16.178715054694948,25.78023200191796,31.47782695838917,1.5934659776603655,1.9456320759697494,1.2210063492076926,0.041666666666666664,0.019444444444444445,0.06111111111111111,000072_002996_76_229_001_FF_889.c3d,0.6909294563578818,-0.048509250429263406,0.44478888187712007,0.22016946188279643,-0.22285799894592376,-0.05459486037334588,0.675520078710688,1.6034650816072786,0.2803201233230293,0.3388231314161507,0.021562995176805835,-0.18438588012233575,-0.422644520676881,0.021562995176805835,0.2587571281462235,1.438228035766456,0.8544286725251891,0.5837993632412671,-167.25303124155545,27.874938021344185
000090,003044,74.0,253.0,2.0,FF,87.1,162.081102825189,39.89378889460821,122.18731393058079,2748.925209211112,122.58798775152806,1464.5812570825028,57.23685403664995,57.04401978503592,928.2664005289887,176.52861870366385,88.60759820303602,548.0,1.5222222222222221,0.01094669009251285,0.0613380439721021,-0.05039135387958925,-1.0078270775917848,142.16232832075963,356.9544158653508,33.48413378873718,0.17777777777777778,1.3854490125584167,-0.03151712555020973,0.3268028603879802,0.11114633283434497,-0.030958369192841534,-0.5778264106485171,-0.6555762169822615,-0.030958369192841534,0.3577612295808217,1.0433827780069267,0.4136734638742754,-0.3016737610622252,0.011480532762144835,1.2018958380602252,3.301146033059698,2.1782272328476293,1.1229188002120685,42.222511045925046,-169.33974874269978,0.08055555555555556,66.73921725486315,0.08888888888888889,97.05246452181082,277287.11131378653,6060044.555085617,259049.2564786298,3923705.3709784127,167283.75478093803,4047142.620859015,20743.190188447872,0.15,0.019444444444444445,-0.011111111111111112,0.6666666666666666,0.16944444444444445,16.73383339704036,26.18841243302542,31.316613081721297,1.5649977988699977,1.8714548148459593,1.1958194549521015,0.05277777777777778,0.013888888888888888,0.06666666666666667,000090_003044_74_253_002_FF_871.c3d,0.7370977934445716,-0.016767996142907922,0.555108947652121,0.22008590331680963,-0.16049891522782786,0.00610796593006216,0.6394423484040356,-0.5361923162331267,0.17386830197274963,0.059132971288755574,-0.016470722064716715,-0.3074198822347931,-0.34878496328062436,-0.016470722064716715,0.19033902403746633,1.7563024223556596,1.1588780766373852,0.5974243457182744,-90.09350326808884,32.483490825272376
000283,001826,75.0,201.0,1.0,FF,89.3,147.61352941459302,47.0001895067466,100.61333990784641,2461.166006192886,116.0461753811062,1409.7222115729885,61.47158749992643,61.42032440229655,850.0415964536448,177.60804640997782,52.691311583166744,549.0,1.525,-0.019740303705205967,0.010731076975795065,-0.030471380681001033,-0.6094276136200206,162.9978962375074,17.913991759377268,0.0,0.0,1.1403039263337704,-0.22458906867556383,-0.2117389212170443,0.033756353783934163,0.24235363133028776,0.248344111714907,0.248344111714907,0.24235363133028776,-0.45409255254733205,0.2110013736559656,0.041975368795385055,-0.3154522054165711,0.23905491847914967,1.1151951552530117,1.1820832678521367,0.9661037301907964,0.21597953766134026,27.163432518826042,-71.34726060243118,0.030555555555555555,129.21499887310313,0.016666666666666666,32.27984436261919,264332.0374759625,5623557.50084001,220239.06431767606,3864173.4107863964,103124.83099873857,3301714.6762616914,27670.746972381246,0.10277777777777777,0.09722222222222222,-0.07222222222222222,0.6666666666666666,0.2,17.238551273721036,26.678590033602596,32.12640627189789,1.5476120707586511,1.8636372489649027,1.2042018049467227,0.075,-0.002777777777777778,0.07222222222222222,000283_001826_75_201_001_FF_893.c3d,0.5985847382329503,-0.11789452423914111,0.11076187593489008,0.022034314328286116,-0.1655917088800898,0.12548814618328066,0.5854042809727096,-0.3199095084619531,-0.11114904000894714,0.017719870752721346,0.12721975397915367,0.13036436310493807,0.13036436310493807,0.12721975397915367,-0.23836879398810082,0.6205161511034838,0.5071410657169535,0.11337508538653032,-37.45263023749668,25.123442246884498
000359,002734,72.0,194.0,1.0,FF,87.9,163.19262994546204,42.23353674033803,120.95909320512402,3406.677823281286,111.06084439850538,1231.5636366162712,85.71839785242341,85.70944027215344,1152.9524295851886,178.98668902831247,63.099573764927825,522.0,1.45,-0.00462603810677583,0.013420720642711638,-0.018046758749487468,-0.36093517498974936,129.2979368809992,323.0996820274976,38.77008751558512,0.19722222222222222,1.3392435871455803,-0.07222505366224621,-0.637715703991335,-0.6392469377112447,-0.36820163730111094,-0.4615721889076676,-0.33745213558031356,-0.36820163730111094,-0.2695140666902241,0.9724327962594413,0.4599002543480816,-0.39785276852361834,0.02197828944326028,1.3333393954300266,1.4954751682728629,1.0306682971883776,0.46480687108448526,67.03646716602526,-470.283940807187,0.05555555555555555,54.07871690291322,0.07222222222222222,104.56573471528476,406204.1304069379,6207652.911790539,241445.41422291152,4852253.502214574,156706.9124125007,4055446.192619188,22266.71233227976,0.14722222222222223,0.09166666666666666,-0.075,0.6666666666666666,0.2388888888888889,17.141034809040985,27.816811200847145,30.48137236854097,1.6228198303509223,1.778269089825526,1.0957895981841612,0.05,0.008333333333333333,0.058333333333333334,000359_002734_72_194_001_FF_879.c3d,0.7323072983079507,-0.03949313957909351,0.5317327188645239,0.25147651703197815,-0.21754853921895143,0.01201787480493235,0.7290788470199183,-0.19736175360331876,-0.3487071872218586,-0.3495444760013368,-0.20133510351110617,-0.252390741966135,-0.18452107151154504,-0.20133510351110617,-0.14737208371075247,0.817735765678512,0.5635762779901452,0.2541594876883668,-257.15438583070153,26.311302622605247
000511,001688,78.0,235.0,3.0,FF,93.1,147.17197066884333,48.849896108425504,98.32207456041783,2630.6790924695338,122.59530194595638,1366.7076406441145,55.44180841987405,55.387151807726895,670.3004852118146,179.8174362580188,84.79949307334637,579.0,1.6083333333333334,0.01216692681005878,-0.1047492370491882,0.11691616385924698,2.3383232771849394,156.68574263667116,421.15395379170536,22.73439096865752,0.1,1.4857872972483372,-0.18407752541570757,-0.9117543960927479,-0.42468241765757797,-0.700715780646864,-0.6513727889658643,-0.3380329703783448,-0.700715780646864,-0.21103861544588387,1.034406994556211,0.4624592746734215,-0.4493614626603768,0.010775638049110104,1.47754046403085,0.7853219932347733,0.035293125884641015,0.7500288673501322,28.217472896268596,-561.946796076439,0.025,51.68635893949447,0.04722222222222222,95.00156141334678,286006.7796081186,5115056.405595123,160975.4227961468,2540112.759946739,113585.1917069828,3321572.997619819,24825.18163815728,0.10277777777777777,0.09722222222222222,-0.075,0.6666666666666666,0.2,18.638440787639603,27.089697239382378,32.497491726134804,1.453431515438103,1.7435735154244267,1.199625504817038,0.05,0.016666666666666666,0.06666666666666667,000511_001688_78_235_003_FF_931.c3d,0.7499431138947796,-0.09291213679371471,0.5221113439108678,0.23342382125652208,-0.22681277138117142,0.005438945108575664,0.7457805693674794,1.1802560454194122,-0.4602031072545669,-0.2143561567017858,-0.3536825058786917,-0.3287768973177187,-0.1706203161610866,-0.3536825058786917,-0.10652060137587517,0.39638703474398007,0.017814014680315474,0.37857302006366456,-283.6396103757516,27.15715490602579
000538,001808,72.0,217.0,2.0,FF,81.1,149.31127816375556,37.3175600696837,111.99371809407185,2451.1240679813645,112.67045787132736,1185.8965720118995,46.868106285598685,46.83567717554488,839.1390671269666,176.6432796959815,48.02081578176033,524.0,1.4555555555555555,-0.15265567778087566,-0.07347280710288635,-0.0791828706779893,-1.583657413559786,175.83592754294722,56.26083336275087,0.17805217943410412,0.008333333333333333,1.009343263496087,-0.1496283509778639,-0.4620324781647842,-0.1992725091699826,-0.04790474070256026,-0.002635958909633704,-0.002635958909633704,-0.04790474070256026,-0.414127737462224,0.19875094715160618,0.04679754388559414,-0.2962217831492616,0.1680877125833391,0.9877721376983961,1.6258964558660853,1.387155430009521,0.23874102585656432,36.85111191365916,105.95049639557658,0.011111111111111112,122.3290195630989,0.0,31.798882043797377,247771.86807956945,5321257.502513924,202728.1859922968,3653456.259725334,99409.13070410986,3452666.208035222,29060.560912294048,0.125,0.07777777777777778,-0.075,0.6666666666666666,0.20277777777777778,15.75742610777936,23.892826869595464,28.532514671130667,1.5162899515549497,1.8107344737630922,1.1941874783950066,0.05,0.016666666666666666,0.06666666666666667,000538_001808_72_217_002_FF_811.c3d,0.551915607773451,-0.08181777721886696,0.10867833943110575,0.025589208161414117,-0.1619760406546706,0.09191147888415305,0.5401203727572157,-0.8659544037400405,-0.2526424311924673,-0.1089635330107079,-0.026194630742869783,-0.0014413598587235915,-0.0014413598587235915,-0.026194630742869783,-0.22644780044959753,0.8890509929276494,0.7585058125598868,0.13054518036776264,57.93443591184196,29.430683861367726
000560,001779,79.0,228.0,1.0,FF,83.7,141.665539525556,33.05606069962966,108.60947882592635,3005.899716122803,113.83298516213617,1197.199052824866,54.076402485586954,53.17292937938609,1116.4219274974487,174.54196725599562,68.02725584612972,370.0,1.0277777777777777,0.02673752234257206,0.0077050167560704435,0.019032505586501616,0.3806501117300323,139.7197694658043,185.19097739344772,14.393976330423953,0.19722222222222222,1.5240310500788448,-0.011388462752487519,0.2110277472348452,0.3086385904574443,0.2656572888321461,0.11897435565301719,-0.05993067031726046,0.2656572888321461,-0.054629541597300935,0.72513416774802,0.28073048854632604,-0.18958961792892923,0.10901830996133448,0.9511304954391679,1.2625110209215995,0.6586592238010838,0.6038517971205157,39.76992353427127,-237.3716920921403,0.05,60.572601213781645,0.06666666666666667,98.64534914662401,386204.6995140015,7713445.78977385,279063.515970011,4848969.424813861,168558.53952994803,3840660.2623573956,25682.504717603453,0.1361111111111111,0.07777777777777778,-0.06111111111111111,0.6666666666666666,0.21388888888888888,17.116780208476932,26.510795517621364,33.39115072407534,1.5488190649601337,1.9507845703094715,1.2595303185783577,0.041666666666666664,0.011111111111111112,0.05277777777777778,000560_001779_79_228_001_FF_837.c3d,0.7595091448613799,-0.00567550221892132,0.36137454786605205,0.1399035625168574,-0.0944830150149154,0.05432986642147637,0.47400104427348155,0.18969904900330528,0.10516682310118869,0.15381171656406076,0.13239175163567535,0.059291515824288446,-0.029866774801784346,0.13239175163567535,-0.027224928534486666,0.6291792190379746,0.3282463987845529,0.3009328202534216,-118.29547099179725,25.68539666802135
000565,002843,70.0,184.0,1.0,FF,86.9,142.19092532917838,25.45457545443172,116.73634987474667,3130.0999641709564,127.45464134004088,1565.1158869593128,70.03697183760248,69.97863093812354,1567.7350544403719,176.46356905522504,73.44495147212562,475.0,1.3194444444444444,-0.021554092782209905,-0.07561203048017702,0.054057937697967115,1.0811587539593421,158.81257478850188,499.9588733958069,17.65099426672316,0.06666666666666667,1.080851576180993,-0.13067733056359446,-0.06451660927653499,0.22669238818754875,0.2236972753221841,0.06199579523402504,0.07405161075447653,0.2236972753221841,-0.2882138845987191,0.4510046655198299,0.1720802831921234,-0.28096036145863895,0.1530309889749291,0.9551501102540758,1.4173515712805682,1.1740282973291891,0.2433232739513791,27.605390423966803,550.6777978883539,0.002777777777777778,139.70661957690854,0.019444444444444445,71.41334781375708,344826.71047767525,6567140.6448397795,384029.78260711365,6311883.020186445,141614.34073610394,4560763.919511005,30190.16421465864,0.08333333333333333,0.016666666666666666,-0.011111111111111112,0.6666666666666666,0.1,16.677251431460384,26.418839495030703,30.91306053966165,1.5841243147053323,1.8536064330928346,1.1701142491696614,0.05,0.011111111111111112,0.06111111111111111,000565_002843_70_184_001_FF_869.c3d,0.6079030237238431,-0.0734968113406043,0.2536584170527727,0.0967830614128928,-0.1580204507641389,0.08606917265181613,0.5372047864196152,0.6080757896284263,-0.03628605696093082,0.1274985310391163,0.12581399061990106,0.03486827628460351,0.04164882494627476,0.12581399061990106,-0.16210004758083188,0.7971606137685985,0.6603083787003313,0.13685223506826721,309.7175466188717,26.40142423141989
000572,003222,67.0,193.0,2.0,FF,77.8,145.54067431492837,51.07896218592501,94.46171212900336,2826.378553913958,113.76746516597944,1224.499629742708,47.466622110881424,47.430676535684825,627.1080648217647,177.4178535267248,68.7154676216855,,,,,,,,,,,,,,,,,,,,,,,,,,,,,,,,,,271889.1106138834,5962910.6107827835,156233.2360078771,3798589.6337462654,123320.63327001322,3690625.725186054,31399.86806834441,0.12222222222222222,0.002777777777777778,-0.002777777777777778,0.6666666666666666,0.125,15.486889982483156,22.947919019668547,28.872200475350663,1.4817641918825781,1.864299449922309,1.258162034239551,0.05277777777777778,0.002777777777777778,0.05555555555555555,000572_003222_67_193_002_FF_778.c3d,,,,,,,,,,,,,,,,,,,,30.228271639434787
000581,002742,75.0,220.0,2.0,FF,87.7,159.16521212504833,33.581900053356826,125.5833120716915,2499.5044063994733,113.72078846046851,1186.4619129020755,69.31363301256506,68.68716838412963,856.6409543867697,177.48790968118715,103.89972087361855,,,,,,,,,,,,,,,,,,,,,,,,,,,,,,,,,,233501.94650891665,6345285.880968923,240571.94342184628,3991039.678712528,106692.39068066716,3394029.6304796757,28421.75154112659,0.1388888888888889,0.0,-0.013888888888888888,0.3333333333333333,0.1388888888888889,16.681176657611257,28.565287108445187,32.85829217747654,1.7124263890228313,1.969782638953351,1.1502874818913391,0.058333333333333334,0.0,0.058333333333333334,000581_002742_75_220_002_FF_877.c3d,,,,,,,,,,,,,,,,,,,,27.498294996589994
000610,001778,71.0,195.0,2.0,FF,83.3,155.53431793788448,36.9231951276312,118.61112281025328,2854.4231428408098,124.4645213835594,1464.1980647771297,64.21049806548368,64.19081121304276,1231.4523955536563,178.68456684461412,95.72693180381101,358.0,0.9944444444444445,-0.4128030809357814,0.2887428948253048,-0.7015459757610862,-14.030919515221724,159.66748781479862,221.32760314384655,2.71586189730138,0.03611111111111111,0.9851839819811983,-0.2192049494545469,-0.06960571255646439,0.6352111440674907,0.8223474021267662,0.8223474021267662,0.8223474021267662,0.8223474021267662,-0.8919531146832306,0.2701564021148179,0.062028013856922116,-0.27843392954988716,0.23061680648545263,0.9597113642908578,1.8620013219279747,1.5681386779201996,0.2938626440077752,32.98504928026152,-95.76992674774061,0.011111111111111112,124.88437508395371,0.027777777777777776,39.117753002926975,327357.8072618801,7732614.977430154,333954.8485980518,6168510.038680085,146401.33321135174,4755922.830878657,25703.553698646407,0.12777777777777777,0.011111111111111112,-0.011111111111111112,0.6666666666666666,0.1388888888888889,15.460259461606604,25.737623765379816,30.633751836004596,1.664760143857586,1.981451340585793,1.1902323273996513,0.06388888888888888,0.0,0.06388888888888888,000610_001778_71_195_002_FF_833.c3d,0.5462925485090375,-0.12155093127123595,0.14980392709039475,0.03439503929074089,-0.15439388352550026,0.12787889901599903,0.5321677743655638,-7.780259241001289,-0.03859693498750382,0.3522297571628539,0.45599833765485537,0.45599833765485537,0.45599833765485537,0.45599833765485537,-0.49459527264235925,1.0324949106842491,0.8695456792282353,0.16294923145601375,-53.10520502813608,27.19715814357239
000616,001665,80.0,235.0,2.0,FF,87.1,152.85078743921719,61.61944364296687,91.23134379625031,2440.426091475516,109.70496824688936,1180.6916514454624,58.46824070771834,58.46423848586263,1025.0866471378522,173.90620310827805,102.98767730154003,485.0,1.3472222222222223,0.06849107453727728,0.12631716868546464,-0.05782609414818736,-1.1565218829637471,135.93781474304092,537.9800731482931,37.96838836523713,0.10555555555555556,1.386563775950634,-0.13687281057410733,0.23222267245724243,-0.13634053703871324,-0.17587689113131852,-0.40154801511796445,-0.33503859854413254,-0.17587689113131852,0.4080995635885609,0.728440828658137,0.24606743218102814,-0.3136894229426719,0.22984232496225276,1.2378163661284203,0.11661961181244658,0.037191132006778205,0.07942847980566838,4.230345329837456,-814.9323164869165,0.019444444444444445,99.10392779948418,0.011111111111111112,71.4321669824213,321158.5026437304,5139499.971141253,270464.88185548154,5327652.30675436,103519.431566562,3326772.5270033083,27958.252487671016,0.1361111111111111,0.002777777777777778,-0.011111111111111112,0.6666666666666666,0.1388888888888889,16.766464190100386,26.602536696161696,32.35260493726578,1.5866515679476973,1.929602125436089,1.2161473661996198,0.05,0.005555555555555556,0.05555555555555555,000616_001665_80_235_002_FF_871.c3d,0.6823640629678317,-0.06735866662111581,0.3584846597727052,0.12109617725444298,-0.15437471601509442,0.11311138039480943,0.6091615975041438,-0.569154469962474,0.11428281124864292,-0.06709672098361871,-0.08655358815517644,-0.19761221216435257,-0.16488120007093138,-0.08655358815517644,0.20083639940381934,0.05739154124628276,0.018302722444280613,0.03908881880200215,-401.0493683498605,25.816270382540765
000625,001612,71.0,201.0,9.0,FF,86.4,149.52412316314619,27.894601543888957,121.62952161925723,3343.940833563405,110.90219474174597,1827.8502653066278,42.39843546554744,42.39715783300843,1161.6444227142997,179.30689193972995,70.68107048730552,436.0,1.211111111111111,0.10913657109841064,0.056458899621661875,0.05267767147674877,1.0535534295349753,159.93175854694837,343.573943339955,19.375133392781578,0.08333333333333333,1.1678458239122786,-0.14386382088984767,-0.20328820281704485,-0.5761307093031218,-0.49211174311111555,-0.15084291059780958,0.21053464733904567,-0.49211174311111555,0.2888235402940707,0.8700383469595877,0.2754938712666054,-0.3792830023254747,0.06988722923301822,1.155182484140082,0.8526693768361714,0.7159450201652579,0.13672435667091354,10.907885992132266,-911.4186948380355,0.005555555555555556,58.153386604000474,0.019444444444444445,70.38770157300037,257102.0375188763,6431835.25984104,322428.47052900714,5144496.914962216,152280.08889665757,4071984.2356116334,26012.679396636835,0.125,0.075,-0.06111111111111111,0.6666666666666666,0.2,17.600986380874293,26.506744590712245,31.34262772762849,1.505980631830679,1.7807313209267768,1.1824397228549408,0.041666666666666664,0.013888888888888888,0.05555555555555555,000625_001612_71_201_009_FF_864.c3d,0.6475800287857817,-0.07977366135624248,0.4824433553064144,0.15276359724221217,-0.2103155164275672,0.038753038279371314,0.6405581036597993,0.5842039644754217,-0.11272496551904451,-0.3194691745054463,-0.2728799728907151,-0.08364362348775069,0.11674317807421852,-0.2728799728907151,0.16015500737167057,0.47281211979381804,0.3969973495426738,0.07581477025114425,-505.3890955073947,28.033993778759235
000628,001601,73.0,229.0,1.0,FF,86.3,145.2840076500711,44.69087341240996,100.59313423766113,2777.2985503702253,133.83167912695453,1073.1462074786791,63.8370485406422,63.81985050638161,1129.3370685493194,178.98553475806872,68.41285870035657,704.0,1.9555555555555555,-0.04404194152056182,0.03814436790237339,-0.0821863094229352,-1.643726188458704,171.70048940666993,377.03518289289036,5.559574693439799,0.13055555555555556,1.1107776227789592,-0.214312757573453,-0.18244796967612487,0.1402088348592052,0.4577404312267592,0.6597338311442106,0.5091155904438477,0.4577404312267592,-0.6401884009028841,0.4326313901061633,0.1246413837867261,-0.3672128087980847,0.17617521933632643,1.0289639043825152,1.0892173644451355,1.96266348098546,-0.8734461165403244,21.736251625904455,535.5755753319276,0.025,140.32472372268538,0.0,75.54260171374403,280998.85468808975,4341241.714383162,326884.3640097442,7054579.562310721,83782.80294906728,2916158.47211302,20795.091987600477,-0.30833333333333335,0.5222222222222223,-0.05,0.3333333333333333,0.5222222222222223,15.276235360233901,25.988766902923047,31.685115332087378,1.7012546802319706,2.0741442236853724,1.2191850213764333,0.06388888888888888,0.0,0.06388888888888888,000628_001601_73_229_001_FF_863.c3d,0.5990603078303092,-0.1155823306943442,0.23332509443758134,0.06722111087624102,-0.19804379721609575,0.09501414051144777,0.5549368484427328,-0.8864880748887413,-0.09839713605658769,0.07561688860921434,0.24686680575275552,0.35580510794100456,0.27457425867967195,0.24686680575275552,-0.34526394180934317,0.5874325123746821,1.0584961066688923,-0.4710635942942102,288.8445557825087,30.21310602576169
000653,001170,76.0,181.0,1.0,FF,80.9,150.30009708974703,27.07111772928006,123.22897936046697,2942.402465187232,116.2562349572629,1045.3880188124817,67.67674870801827,67.6325885290886,869.7962661064163,176.72736613693553,96.47022739023468,445.0,1.2361111111111112,-0.16301185422038517,-0.004046939418099279,-0.1589649148022859,-3.1792982960457175,175.51339428388977,-11.749955636457798,0.0,0.0,1.2325568030458844,-0.20999961010864485,0.17976563818387936,0.36700542907676237,0.5494094818984675,0.5494094818984675,0.5494094818984675,0.5494094818984675,-0.36964384371458814,0.317158434457703,0.03806947529167616,-0.38966351708509933,0.12285117807666665,1.2325565173573165,1.081235642299128,1.2418232639557147,-0.1605876216565867,45.525137026655486,299.76933022678435,0.0,138.58844032358226,0.041666666666666664,48.434900090561,305485.2549308221,5417521.042573025,216535.7852736218,4266379.662914062,181270.4037802603,4906229.010602795,7800.63864884459,0.23333333333333334,-0.005555555555555556,-0.06944444444444445,0.3333333333333333,0.23333333333333334,15.515679180582236,22.552597099545416,26.246835073179234,1.4535359256312694,1.691633009918571,1.1638054347943936,0.06111111111111111,0.002777777777777778,0.06388888888888888,000653_001170_76_181_001_FF_809.c3d,0.6384981366793848,-0.10878554191289104,0.16429674391716897,0.019721029471444346,-0.20185635986588238,0.06364027044999308,0.6384979886848926,-1.6469634770232686,0.09312351750097357,0.19011885053707128,0.28460913898594464,0.28460913898594464,0.28460913898594464,0.28460913898594464,-0.19148562148497109,0.5601096364997555,0.6432984168854718,-0.08318878038571627,155.28871230148383,22.03215625267816
000675,003065,72.0,182.0,3.0,FF,89.2,132.23412067618182,38.70763356301804,93.52648711316377,2829.2118797275107,122.5761275529254,1227.8574381735896,60.272614403390776,60.252802839536216,754.0929433321098,179.66080310762013,55.06681553593615,532.0,1.4777777777777779,-0.04747745278530377,-0.09197680679708695,0.044499354011783177,0.8899870802356635,166.71813567881543,308.20128581184633,9.409572497645911,0.06388888888888888,1.1243989191303922,-0.09419947893274055,-0.30426778948364847,-0.15565651772323633,-0.11789912597374369,-0.07221917468975839,0.048550252335468544,-0.11789912597374369,-0.18636866350990478,0.44956697734351164,0.13193259623194037,-0.28900938922533287,0.2102438889063389,1.09000237190045,0.9747010734015057,1.243728246033285,-0.26902717263177933,15.103398118313718,410.20697552984956,0.008333333333333333,129.9244826035071,0.03611111111111111,71.39712072935234,255645.9791426939,4932072.950764678,229466.78172607976,3887910.1194679877,85937.07627779228,3144447.2791097388,27990.764690378484,0.1388888888888889,0.06666666666666667,-0.06388888888888888,0.6666666666666666,0.20555555555555555,16.181311304868274,26.705900309487593,31.815851052039598,1.650416323271212,1.9662096879915751,1.191341639238301,0.04722222222222222,0.013888888888888888,0.06111111111111111,000675_003065_72_182_003_FF_892.c3d,0.6148288052987709,-0.051508901428663906,0.24582621245817565,0.07214162086173467,-0.15803225570064133,0.11496275640110395,0.5960205445649879,0.4866508531472351,-0.16637565041756805,-0.08511401887753517,-0.06446802601363938,-0.039489924917846884,0.02654760079585988,-0.06446802601363938,-0.10190762440392868,0.5329730278879624,0.6800788746901165,-0.14710584680215405,224.3039017551671,24.683799367598734
000738,001250,69.0,173.0,2.0,FF,88.1,158.725686297903,43.89209170005553,114.83359459784747,2522.295917859117,113.52399067772531,1583.3667035693582,59.779276615205234,59.57565723991354,1253.0110003904329,173.15740242140868,63.88732642161771,256.0,0.7111111111111111,-0.051273921616715686,0.0455732522367923,-0.096847173853508,-1.93694347707016,143.9898359533371,449.26750217687584,29.167566468071584,0.13055555555555556,1.1902739526516368,-0.0751542625593385,0.4763333969396575,0.21843575431372372,0.014639756678615732,-0.12011317698483243,-0.33678552707592607,0.014639756678615732,0.46169364026104176,0.7131765514880832,0.18500114574239016,-0.23359276997156825,0.17750232141651545,0.8036678150755943,1.5426802167559022,0.947490258913312,0.5951899578425902,41.025449357753324,-442.60768832615184,0.058333333333333334,59.89306696753556,0.05555555555555555,81.97393074768142,358416.6639510994,6613498.786401033,436228.43458441,7565532.52371888,139427.62561934793,3600007.0264613223,8645.915981762611,0.1527777777777778,0.005555555555555556,-0.008333333333333333,0.6666666666666666,0.15833333333333333,15.190051608543868,24.97480576897528,27.420635729060773,1.6441554257082203,1.805170675894059,1.0979318911510336,0.041666666666666664,0.011111111111111112,0.05277777777777778,000738_001250_69_173_002_FF_881.c3d,0.6791475251920785,-0.04288158311042937,0.4069248838799973,0.10555811123039494,-0.13328356154945126,0.10127942566273848,0.458557466093572,-1.1051828580795162,0.27178671513160874,0.12463525865213039,0.008353164828606489,-0.06853427877714963,-0.19216337274673403,0.008353164828606489,0.26343355030300225,0.8802237913704795,0.540619798535497,0.33960399283498244,-252.54347159999534,25.54780156819293
000750,001031,76.0,244.0,13.0,FF,90.4,149.2272527604671,56.155635279218565,93.07161748124855,2538.829995777033,117.85612419194082,1369.713669338893,58.565515254997294,58.53417159506408,715.6335009816739,177.5624361543587,61.73100629750174,,,,,,,,,,,,,,,,,,,,,,,,,,,,,,,,,,276516.49395161174,4247501.006630842,209687.55097408054,2967054.6856887033,138867.65070828423,3293507.6927892705,13137.116936734334,0.15833333333333333,0.005555555555555556,-0.011111111111111112,0.6666666666666666,0.1638888888888889,16.238201797966237,25.66314831933575,30.038708786852396,1.580418117636027,1.8498790174300341,1.1704997536962332,0.05,0.011111111111111112,0.06111111111111111,000750_001031_76_244_013_FF_904.c3d,,,,,,,,,,,,,,,,,,,,29.70080732405232
000774,001097,76.0,223.0,1.0,FF,77.6,155.50140766991208,38.871046630902285,116.6303610390098,2729.3648354867623,124.18345379749286,930.4630857666134,66.25683161952091,66.25244235932321,918.892562708035,179.53367077305077,81.68944658572293,281.0,0.7805555555555556,0.25005706652370685,0.40657950949888266,-0.1565224429751758,-3.1304488595035163,145.0435560480877,409.86260383013473,24.94490030878356,0.19722222222222222,1.471555673347399,-0.08700879249212982,2.011240430839464,2.1058674696611486,2.1473220299529694,1.264294700250688,0.47848991145928543,2.1473220299529694,-0.13608159911350537,0.7658686629618078,0.46128748465842656,-0.45223375714928904,-0.10574840507547788,1.4314460171173964,2.3084398535613246,2.5843924908880993,-0.27595263732677466,50.48648456593379,216.1752609848537,0.18888888888888888,79.55909606799591,0.2111111111111111,118.03251027154002,265851.0582980608,4213662.512571735,203520.68843117083,3595725.24906365,88129.18686544952,2164785.5135392947,13486.942627956296,0.1388888888888889,0.08333333333333333,-0.06111111111111111,0.6666666666666666,0.2222222222222222,14.150212492713209,21.368725377869488,26.403315156973644,1.5101345925987701,1.8659306473715707,1.2356055258362872,0.04722222222222222,0.019444444444444445,0.06666666666666667,000774_001097_76_223_001_FF_776.c3d,0.7623060885554284,-0.04507293436185756,0.39674091533454614,0.2389595341164663,-0.23426945563058904,-0.054780566242995175,0.7415281895552199,-1.621658132772232,1.04187755430971,1.0908969486433633,1.1123715447332,0.6549392355214919,0.24787086171740855,1.1123715447332,-0.07049399042349015,1.1958349842319336,1.3387859981807395,-0.14295101394880577,111.98469798220769,27.144590300260933
000782,003250,74.0,184.0,1.0,FF,90.0,152.64851178807754,59.11026455119888,93.53824723687866,2232.2075574001983,124.15915538308808,1131.407592705133,64.10406800560715,64.0787248850384,864.5570777198052,175.19584911166956,76.96133957209118,,,,,,,,,,,,,,,,,,,,,,,,,,,,,,,,,,160917.3195291255,4183503.1718667583,198351.59721595026,3296844.916989617,84946.9100772828,3091682.7108553564,23557.70694430891,0.1361111111111111,0.06111111111111111,-0.05,0.6666666666666666,0.19722222222222222,16.42957216319667,27.745561458190714,34.03560146986485,1.6887573932291804,2.071606072987515,1.22670436931516,0.05,0.011111111111111112,0.06111111111111111,000782_003250_74_184_001_FF_900.c3d,,,,,,,,,,,,,,,,,,,,23.624356963834455
000787,002990,73.0,183.0,4.0,FF,81.8,151.29311068595084,32.13820602993787,119.15490465601297,2471.327993689554,104.45273049919656,1651.1771345394397,61.46519908006394,60.32008674608237,1027.0339606556602,177.62042009511686,81.8046810760582,410.0,1.1388888888888888,0.13219192924856274,0.05023622710067799,0.08195570214788475,1.639114042957695,145.63948446177153,276.288994987101,22.585561515400627,0.19722222222222222,1.1970576698573752,0.06021808059136187,0.9167871810346091,0.731160829986132,0.5026242722428184,0.21121607462137487,0.040911321996883056,0.5026242722428184,0.41416290879179074,0.9211686328202411,0.4370331205597577,-0.054937066474411725,0.13420500749020586,0.6842019486878222,1.31242884455838,1.4106629885092772,-0.09823414395089713,53.56602168999682,-402.27260351375804,0.10833333333333334,40.24870976899624,0.10833333333333334,95.23203020355264,259293.59318174704,6512937.303867844,261900.76559744624,4581475.504027279,143047.95365606743,3956851.058920649,23776.14917553937,0.13333333333333333,0.016666666666666666,-0.016666666666666666,0.6666666666666666,0.15,16.51084426819986,22.98434614435763,31.566260623647192,1.3920757637225027,1.9118501822734948,1.3733808403941181,0.05,0.011111111111111112,0.06111111111111111,000787_002990_73_183_004_FF_818.c3d,0.6455925303944425,0.03247658321182282,0.49680111790542614,0.2356990187464986,-0.029628447025354186,0.07237892756455931,0.3690011588220377,0.8840006703471551,0.4944381302095832,0.3943268417571632,0.27107338595772756,0.11391223957576038,0.022064136553167437,0.27107338595772756,0.22336474425185565,0.7078140678235251,0.7607933278552892,-0.05297926003176418,-216.95211062116172,24.144097828447112
000789,001313,72.0,186.0,6.0,FF,85.8,154.90066659488235,37.6588764377715,117.24179015711086,3340.1423946183445,109.01253973082115,1043.2847137578408,69.7071095910598,69.70510222359813,1111.0432626414754,179.89214491936687,91.75594390432816,405.0,1.125,-0.1684796896539896,-0.09612278053566126,-0.07235690911832834,-1.4471381823665668,169.08850482849923,365.0200004834136,10.803640090867646,0.03333333333333333,1.1728895461916888,-0.12125321057234678,-1.0303085991723546,-0.8676887334294104,-0.8187406283405102,-0.5475483974095793,-0.2334261551047815,-0.8187406283405102,-0.21156797083184442,0.5145098045443426,0.13378322229364267,-0.3198586233460328,0.1312662638184153,1.1629130222926618,0.14317099329177302,0.429943001956135,-0.286772008664362,14.916807726870381,524.594804874723,0.002777777777777778,132.46668576179584,0.005555555555555556,99.24273595774031,417079.0101056276,7032025.268677056,253867.2217509966,4402997.219334883,138352.88682296305,3285248.125417083,5659.8660278233565,0.12222222222222222,0.025,-0.005555555555555556,0.6666666666666666,0.14722222222222223,14.948393949359641,22.163567981993207,26.94328376391096,1.4826721892048242,1.8024199693415996,1.2156564225489792,0.044444444444444446,0.011111111111111112,0.05555555555555555,000789_001313_72_186_006_FF_858.c3d,0.6413438025982551,-0.06630206177403039,0.28133738218741394,0.07315355549739866,-0.17490082203960675,0.07177726586746244,0.635888572994675,-0.7913047803841682,-0.5633795927232911,-0.4744579688481028,-0.4476928195212764,-0.299403104445308,-0.12763897370121474,-0.4476928195212764,-0.11568677320201466,0.07828685110005086,0.23509569223323218,-0.1568088411331813,286.85192742493604,25.226300452600906
000822,002969,75.0,231.0,1.0,FF,90.4,139.66999844314321,44.22449102328148,95.44550741986174,2662.673208162788,126.39911943997173,1672.3455172991332,64.4918288476953,64.07781003490075,826.6349440588701,179.78220248592632,77.29165416918485,,,,,,,,,,,,,,,,,,,,,,,,,,,,,,,,,,284401.4485185261,4541475.560959164,83023.13497717165,2532209.9912359416,132100.35373481433,3563750.4030991085,22333.3900475404,0.1361111111111111,0.06388888888888888,-0.06388888888888888,0.6666666666666666,0.2,17.638250089981085,27.465393197637397,33.036500845776445,1.5571495504102386,1.8730033125305274,1.2028409936843096,0.05,-0.002777777777777778,0.04722222222222222,000822_002969_75_231_001_FF_904.c3d,,,,,,,,,,,,,,,,,,,,28.87320974641949
000830,001615,70.0,193.0,5.0,FF,85.4,136.41967292840735,48.598351342643305,87.82132158576405,3184.0584531838394,124.59265911278256,2221.407075948532,88.78032851292626,88.75012973353638,1222.253354902299,177.00757255204826,77.97008313810878,447.0,1.2416666666666667,-0.02004142699117796,0.06107065817214855,-0.08111208516332652,-1.6222417032665304,167.82993857405918,214.47920343367684,9.177633977989075,0.19166666666666668,1.0534165769350883,-0.17555125068731314,0.4304883922147389,0.5846905423078959,0.6231377804824971,0.517170491441684,0.42599051785346653,0.6231377804824971,-0.19264938826775824,0.43768079754522327,0.11268821183634238,-0.39821393456131055,0.23721960490831454,1.0399576433209896,0.9482412643119467,1.5106741556363543,-0.5624328913244077,18.602447215923505,203.22549749956238,0.005555555555555556,131.45644473278062,0.15,66.05671191856388,327877.3738396412,6401484.084442775,194252.21829165143,5194619.184849175,256089.32720837643,5213862.494940909,26418.680049761308,0.14166666666666666,0.013888888888888888,-0.005555555555555556,0.6666666666666666,0.15555555555555556,16.097237894652537,25.67466002177045,30.656019886125982,1.5949730127489454,1.9044273363388533,1.1940185326750836,0.04722222222222222,0.013888888888888888,0.06111111111111111,000830_001615_70_193_005_FF_854.c3d,0.5924727654303084,-0.09873523660703776,0.2461646780344338,0.0633791967583478,-0.22396734227295306,0.13341935034213415,0.584903061485371,-0.9123969084738641,0.24211945568882953,0.3288473241326748,0.35047119262232684,0.2908720424306434,0.2395897175778777,0.35047119262232684,-0.10835173693349733,0.5333190462946832,0.8496480065446312,-0.31632896024994805,114.30005483664925,27.69279824273934
000870,003252,74.0,195.0,2.0,FF,80.8,150.707605316662,41.60037955930642,109.1072257573556,3301.2283778050996,106.4033770263706,1500.9542286728913,78.58718134193354,77.27772470494227,1008.5379640246067,179.12529453444685,98.1394383977106,671.0,1.863888888888889,0.06915553393854282,0.022625524152949154,0.046530009785593664,0.9306001957118732,141.096113790683,256.07734703537915,29.6727081848168,0.19722222222222222,1.1802644060883443,-0.04509809830525151,0.18678155903783583,-0.0034685684220894185,-0.07438157331851078,-0.0478505912605612,-0.06302421690163293,-0.07438157331851078,0.2611631323563466,0.7236784599297347,0.27212703445750464,-0.31084318410188877,0.013978120384730387,1.1755756275731193,1.263334292990231,0.7836955462496735,0.4796387467405574,23.42558446352688,-890.011240867035,0.03611111111111111,43.84509136196566,0.03888888888888889,80.18386978773752,370184.7048464913,6116723.490127274,236518.61460440268,3704853.230681504,190005.3767647183,3768758.6167132524,19794.558727216852,0.14722222222222223,0.013888888888888888,-0.011111111111111112,0.6666666666666666,0.16111111111111112,17.373081863811457,26.55590321944074,31.529461052771055,1.5285660556724434,1.8148455927354876,1.1872863367603075,0.06388888888888888,-0.002777777777777778,0.06111111111111111,000870_003252_74_195_002_FF_808.c3d,0.6279338189446394,-0.023993455152825874,0.3850172695944534,0.1447792266745609,-0.16537730586395444,0.007436752705219402,0.6254392570616724,0.4951054456862488,0.09937303630444554,-0.0018453758363957324,-0.03957308646441306,-0.02545785872555927,-0.033530653810189895,-0.03957308646441306,0.1389461227688586,0.6721293322995483,0.4169480454616267,0.2551812868379216,-473.51098152108693,25.036682651889773
000874,001562,73.0,211.0,3.0,FF,91.8,141.1446219243714,38.49197969385182,102.65264223051958,2391.5380859090083,118.7549573481837,952.2046477983022,55.89969311372249,55.88051208835753,859.8773315517507,179.20155058332918,97.83680858070959,570.0,1.5833333333333333,-0.02644183074417012,-0.06390026366366948,0.03745843291949936,0.7491686583899871,159.25360885386362,19.27105695880698,0.3583735359467539,0.03333333333333333,1.1733580735387223,-0.09720869402779572,0.3291833537274844,0.2591987321320655,0.19529789670986294,0.1739517616141447,0.1739517616141447,0.19529789670986294,0.13388545701762147,0.004481207748715917,-0.03851029236817858,-0.3398544046151487,0.17345180438929014,1.1113219537826864,0.7381358222700488,0.460451240491707,0.2776845817783418,28.41453514398694,-33.36024976396615,0.058333333333333334,123.11269801651741,0.0,42.48624934008125,197187.8757196492,3842641.621897975,206286.7234481537,3450453.4379827534,87157.16606191602,2149734.0944890757,5294.805867346306,0.11666666666666667,0.002777777777777778,-0.011111111111111112,0.6666666666666666,0.11944444444444445,14.344215573917484,24.96340056768089,30.1611982026579,1.74031130800018,2.1026732376708637,1.208216729963721,0.044444444444444446,0.011111111111111112,0.05555555555555555,000874_001562_73_211_003_FF_918.c3d,0.6328109554194383,-0.05242621833016704,0.0024167876975061575,-0.0207692225046805,-0.18328896808065404,0.0935453588551883,0.5993538743300003,0.4040387543900265,0.1775338980301394,0.13979006155326584,0.1053273091952664,0.09381499385942439,0.09381499385942439,0.1053273091952664,0.07220658883487298,0.39808856772195494,0.2483287889611191,0.14975977876083585,-17.99172136984476,27.838276731160335
000884,001603,69.0,201.0,4.0,FF,85.0,140.5600774513,42.7887127944572,97.7713646568428,3135.6744187746435,115.94529112308835,1030.5314220632172,47.01385855495073,47.01088045197499,829.2206728858627,177.2199159885257,67.0900081818822,422.0,1.1722222222222223,0.20154133832664933,0.031312972422704956,0.17022836590394438,3.4045673180788874,147.202868366361,481.97542578007756,30.01704762216471,0.08333333333333333,1.3072648611442559,-0.09492869035850249,1.0664786269936202,0.7163840075345491,0.3496265118458668,-0.06230159057965153,-0.08663844930520048,0.3496265118458668,0.7168521151477534,0.5673113981114853,0.1884073183561116,-0.15278970642063297,0.052096622197003076,0.7096332112409676,0.9701099293399937,-0.0845402309571458,1.0546501602971396,22.953439311579267,-626.4381442964831,0.019444444444444445,55.098411076286666,0.03333333333333333,79.69679009692544,387460.1291937118,6870151.584210747,215142.74706774583,4116321.029879195,157764.15014190387,4020215.8879822106,24114.990962613643,0.11388888888888889,0.019444444444444445,-0.005555555555555556,0.6666666666666666,0.13333333333333333,15.739077105809763,25.986513587857182,30.39863640321753,1.6510824245383984,1.9314116195540136,1.1697851002768611,0.041666666666666664,0.0,0.041666666666666664,000884_001603_69_201_004_FF_850.c3d,0.7459002973549332,-0.054164492958177844,0.3236970204904059,0.10750160810002944,-0.08717888076037486,0.0297253350433659,0.404903121785329,1.9425809186801823,0.6085122828903459,0.4087549968815184,0.19949019276838229,-0.035548094590694704,-0.04943424016044761,0.19949019276838229,0.4090220901219636,0.5535261493438285,-0.04823703694918738,0.601763186293016,-357.4336096636329,29.68270586824728
000890,001783,71.0,199.0,7.0,FF,79.6,153.03289476719647,46.10322864392719,106.92966612326927,2446.6914798070684,101.27209266795364,1006.0185653400415,58.31151899663787,58.23455380752057,1287.3736862086412,178.26897635442003,78.72045248645207,,,,,,,,,,,,,,,,,,,,,,,,,,,,,,,,,,243603.63203171763,5517975.519074273,349507.7517071021,5517825.61304898,112205.92602370294,3048101.0764107476,28422.370848359766,0.15833333333333333,0.013888888888888888,-0.013888888888888888,0.6666666666666666,0.17222222222222222,14.892919023921591,26.42783520499127,29.547535340103774,1.7745235277612026,1.98399892543855,1.1180459962351856,0.05,0.011111111111111112,0.06111111111111111,000890_001783_71_199_007_FF_796.c3d,,,,,,,,,,,,,,,,,,,,27.755048567030286
000894,001346,72.0,159.0,4.0,FF,84.6,141.4325121672117,40.00395044690804,101.42856172030366,3222.975469288833,122.70296481986104,1145.2789927341546,62.26786047968082,62.19549987917497,1102.3411326768608,177.8790617741951,74.05935215666291,401.0,1.113888888888889,-0.018486470038999503,0.013795364702198656,-0.03228183474119816,-0.6456366948239631,173.64076813349413,200.7580611687922,4.2382936407009595,0.1527777777777778,1.2237112728431538,-0.24729619247383877,0.012287927026938119,0.07033413060198661,0.24525785972141936,0.6437351279592373,0.7107313186068016,0.24525785972141936,-0.23296993269448124,0.5879299099704282,0.18415035772920602,-0.4212394311371391,0.20266335197019092,1.2133200058053062,0.6744685996443763,0.9279635101688253,-0.25349491052444895,9.424624355823898,450.94316991070934,0.030555555555555555,141.4325121672117,0.027777777777777776,97.65684971572097,326865.5910706397,6662999.589771955,234671.40011081158,5861990.800653471,103396.95348921935,2539827.913991402,4773.591449178052,0.14166666666666666,0.08888888888888889,-0.06666666666666667,0.6666666666666666,0.23055555555555557,15.937890712550539,21.81674480927857,27.472540520104747,1.3688602339391522,1.7237249906897072,1.2592410444486104,0.04722222222222222,0.016666666666666666,0.06388888888888888,000894_001346_72_159_004_FF_846.c3d,0.6691334606535181,-0.13522320235883573,0.3214839840170758,0.1006946400531529,-0.2303365218378932,0.11081766840014814,0.6634514467439339,-0.3530384376771452,0.00671912020283143,0.03845917027667684,0.13410862845659413,0.35199864827167393,0.38863261078674627,0.13410862845659413,-0.12738950825376272,0.36880391494115067,0.507416617546383,-0.13861270260523237,246.5787237044561,21.56441812883626
000905,001370,75.0,230.0,1.0,FF,87.8,146.14666002168718,44.23091439705322,101.91574562463396,2437.024516917955,113.61479080443141,1705.1249255033842,53.80849129994828,53.772969135103736,931.2719597969847,172.5024015656734,83.1161557201787,320.0,0.8888888888888888,0.07945253440028241,0.7051995349837987,-0.6257470005835163,-12.514940011670324,148.34146165636554,500.1289673209277,23.158612851677304,0.19722222222222222,1.2081646650403548,-0.05413900111165086,-0.965035365819734,-0.719930153187702,-0.8416299190550068,-1.380573498739467,-0.9600577383212233,-0.8416299190550068,-0.1234054467647272,0.946225845201955,0.4023562369599638,-0.2866375796317343,-0.046739547802138987,1.1878776537915978,1.6255262849626801,0.5808421824699529,1.0446841024927274,36.50396657920426,-378.8473187798286,0.05277777777777778,59.389775085815664,0.06666666666666667,102.95368190915822,268075.7728432832,6308472.7903969595,276843.3517265783,6351270.639354002,121803.92036366365,5025492.67610838,26654.831810528613,0.13055555555555556,0.07222222222222222,-0.058333333333333334,0.6666666666666666,0.20277777777777778,16.542950810988092,24.9007627118708,30.761251958061177,1.50521892958367,1.8594779316897359,1.2353538047811097,0.04722222222222222,0.013888888888888888,0.06111111111111111,000905_001370_75_230_001_FF_878.c3d,0.63420717324953,-0.028419423155722236,0.4967064804209737,0.21121062307609648,-0.1504659210665272,-0.024535195696660884,0.6235578235126498,-6.569522315837441,-0.5065802445247948,-0.37791609091217954,-0.4418004824435731,-0.724710498025967,-0.5039673167040543,-0.4418004824435731,-0.06477976208122163,0.8532946377756851,0.3049040327926262,0.548390604983059,-198.86998361145857,28.748217496434993
000906,001371,71.0,219.0,3.0,FF,87.4,141.66084622975967,42.53264227478815,99.12820395497153,2601.9269091672563,119.60760036812826,1255.8179922892086,65.94689617865521,65.92705551235268,827.6711826916375,176.74768010788543,85.03002944986464,202.0,0.5611111111111111,1.6915250408881413,0.29012959889861756,1.4013954419895236,28.02790883979047,137.91167433020067,474.1810440423791,3.05884226090123,0.19722222222222222,1.45491963657011,-0.18101029393632223,3.4458445101326705,3.2722253438674933,2.94458244912829,2.2152926792693237,1.689118099269692,2.94458244912829,0.5012620610043803,0.7131497336488627,0.4455313941602962,-0.4486639290921894,0.027245845474722252,1.002103680108296,1.779795669553402,2.2178416325582684,-0.4380459630048663,61.90990623383554,259.93050259823474,0.15555555555555556,89.29714052492032,0.16666666666666666,116.19955125957289,255308.40384032615,6042341.162940198,188928.69807726613,7824576.964412179,100971.83238975669,4583556.126436062,26265.67122443266,0.09722222222222222,0.06388888888888888,-0.05277777777777778,0.6666666666666666,0.16111111111111112,15.706881719530617,23.029903537292988,29.269001844496238,1.4662301498493242,1.863450834299076,1.2709129153363625,0.04722222222222222,0.013888888888888888,0.06111111111111111,000906_001371_71_219_003_FF_874.c3d,0.8067647979206555,-0.10037168345143742,0.39544734038419804,0.24705078970849298,-0.2487878058623652,0.015108043403971528,0.5556746590375381,15.541703914711363,1.9107488688769383,1.814475625966227,1.6327949701276978,1.2283978481032072,0.9366297545024355,1.6327949701276978,0.27795389874924054,0.9869112063620951,1.229811263479133,-0.242900057117038,144.13358245438326,30.544500684319765
000917,002919,75.0,187.0,1.0,FF,82.5,155.5230101426476,33.16034034985544,122.36266979279216,2973.1777342960163,115.06352813366176,1305.0197728983624,54.16856437673359,54.09643577361607,862.4702685064105,179.78730163642874,65.38985897275323,635.0,1.7638888888888888,-0.014530950969304457,-0.018173857211107695,0.0036429062418032385,0.07285812483606477,155.2407139487104,213.4912375145285,13.354363176127265,0.14722222222222223,1.2241321022781035,-0.12674990355631707,-0.9218739714252714,-0.5081885242117534,-0.21990336457318066,0.019450698491779866,0.047208364108415175,-0.21990336457318066,-0.7019706068520908,0.6202846561335204,0.220070171734146,-0.41405549387836726,0.18200290682951295,1.223872082199197,-0.28668627128050506,0.4349687266853099,-0.7216549979658149,11.193137295260172,146.71382326198616,0.03611111111111111,132.07623045549977,0.027777777777777776,91.91643342058181,320309.1900561948,6183555.376332062,202834.75243664073,3089075.9971745354,122355.590731486,3202734.8109933706,23045.560768798663,0.13055555555555556,0.08611111111111111,-0.06666666666666667,0.6666666666666666,0.21666666666666667,17.419491021005317,25.891167254685076,29.243699070561036,1.4863331668798,1.6787918220628537,1.1294855416481584,0.05,0.013888888888888888,0.06388888888888888,000917_002919_75_187_001_FF_825.c3d,0.642589030067246,-0.06653538244426092,0.32560874337717605,0.11552239986044409,-0.2173519652904815,0.0955395836375396,0.642452536587505,0.03824573482208124,-0.4839233445801949,-0.2667656295074821,-0.11543483704628905,0.010210340415632475,0.024781293495231064,-0.11543483704628905,-0.36848850753390594,-0.15049148098714177,0.22833004025475584,-0.37882152124189755,77.01513032125258,23.373550747101493
000919,001393,66.0,196.0,1.0,FF,71.3,150.6187086816861,34.180650378598855,116.43805830308723,3577.816447852559,110.42907476090654,1581.7729469559783,50.10303942627177,49.97997830802818,935.198008883197,168.93971878614073,74.02349871004301,357.0,0.9916666666666667,0.07344152728523773,-0.051127192122049414,0.12456871940728714,2.4913743881457426,156.59493207010468,356.3597534353738,12.344786716036054,0.05555555555555555,0.9728508162474687,-0.05659339881999747,-0.41298396755673,-0.46654397223856775,-0.4004649002543733,-0.08854882174559342,0.11890985129906403,-0.4004649002543733,-0.01251906730235669,0.42187020306517337,0.16476087323987484,-0.18099766205511533,0.19057639047819633,0.8354106192794263,-0.06977655829409563,-0.09968883684521028,0.029912278551114654,12.647087954886924,791.9332158087767,0.008333333333333333,137.36251085067383,0.019444444444444445,104.83033701955766,373700.5312812309,5435539.727787128,177086.45792058308,2625197.7737342333,188665.67680409056,3016431.9888724834,3231.4646866691082,0.10555555555555556,0.002777777777777778,-0.002777777777777778,0.6666666666666666,0.10833333333333334,11.657027980677734,20.886967977898752,23.980487898255312,1.7917918711802212,2.0571699697388133,1.1481076584993055,0.044444444444444446,0.013888888888888888,0.058333333333333334,000919_001393_66_196_001_FF_713.c3d,0.580321412698323,-0.03375888738964297,0.2516524714060925,0.09828255382956028,-0.1079680637408228,0.11368193180517558,0.4983360888090112,1.4861455429168116,-0.2463516866838046,-0.2783011048905797,-0.2388838584194544,-0.05282081946169973,0.07093166982764498,-0.2388838584194544,-0.007467828264350209,-0.041622857488723235,-0.059466020547130925,0.017843163058407694,472.4011070202677,31.635435171696795
000920,001394,75.0,208.0,1.0,FF,86.3,148.43882802345527,42.23746785664319,106.20136016681208,2728.606148619542,119.6431664138243,1384.87610150205,54.71668610106559,54.67184929289249,1245.6011527670478,170.65193516953988,85.71927529982514,,,,,,,,,,,,,,,,,,,,,,,,,,,,,,,,,,343048.6387176413,5271614.5700015705,427884.191398522,5964806.1717472,115103.72386218826,3035226.8109411616,4571.27814667841,0.14444444444444443,0.06666666666666667,-0.06944444444444445,0.6666666666666666,0.2111111111111111,15.625092022386074,25.53740051923906,31.29831788799222,1.6343840076366667,2.0030805478234055,1.2255874619820082,0.044444444444444446,0.013888888888888888,0.058333333333333334,000920_001394_75_208_001_FF_863.c3d,,,,,,,,,,,,,,,,,,,,25.998387996775993
000922,001717,76.0,228.0,2.0,FF,72.0,147.21530728460814,45.38861967676671,101.82668760784144,2233.040119496238,126.05433982861409,1175.175056719143,61.00392418591903,60.97339982028526,879.1644900547747,175.88152255944425,94.67779759382049,508.0,1.4111111111111112,-0.06690768117762101,-0.0467728399052259,-0.020134841272395114,-0.40269682544790225,172.58520693716332,84.27542862550467,2.4720342568830915,0.1361111111111111,0.9688697563322115,-0.045137165387633446,0.10829841412478868,0.15915924316255828,0.1503366154566036,-0.014862120498770275,-0.013858823659492208,0.1503366154566036,-0.04203820133181492,0.25625921291315207,0.09242427530762833,-0.13358829275736706,0.33967425846224975,0.7394185089604337,0.5669573852253995,0.5173153238777515,0.04964206134764804,48.310457275410975,52.807893634011975,0.08611111111111111,116.02324096888843,0.005555555555555556,43.846470733854275,189718.2021517674,4505344.528283364,183781.62659657863,3164307.42952529,165098.3240901457,3952710.0984669924,22766.66582788845,0.2,-0.041666666666666664,-0.019444444444444445,0.3333333333333333,0.2,14.732559648163218,21.109734238585393,26.52554002859301,1.4328626350559015,1.8004705673735442,1.2565549015822448,-0.022222222222222223,0.013888888888888888,-0.008333333333333333,000922_001717_76_228_002_FF_720.c3d,0.501901034154689,-0.02338228625550842,0.1327492814510734,0.0478783025837279,-0.06920238953448356,0.1759605566008339,0.3830390121013436,-0.20860797008283374,0.05610154067798834,0.08244884125702356,0.0778784787902008,-0.00769898492476703,-0.007179249720002181,0.0778784787902008,-0.021776938112212454,0.2936994328768129,0.26798348729680455,0.02571594558000831,27.355933295696218,27.753213401163645
000927,001403,70.0,155.0,6.0,FF,78.7,145.16285514445335,32.995100389216404,112.16775475523694,1983.1681305455459,100.33665661517283,1094.301738775363,59.33391531600179,59.265306776628236,952.3451630263611,176.16228361257947,85.79713887097844,322.0,0.8944444444444445,-0.02632164677943347,-0.1873705002742015,0.16104885349476802,3.22097706989536,154.60084821757,503.97742752888803,21.561435395009482,0.058333333333333334,1.0174799975246593,-0.13385755847599565,-0.6441723561602701,-0.7800011420482331,-0.9383064316585669,-1.0222672802394777,-0.7321787014451961,-0.9383064316585669,0.29413407549829673,0.6365797146245394,0.22749748509656392,-0.37967016286445154,0.1553774841952335,1.0172211881699402,-0.015685761557501628,0.41853910515132287,-0.4342248667088245,6.115529856870649,570.921632143613,0.027777777777777776,129.56084467014568,0.016666666666666666,90.79852474265601,171566.40866820014,3638990.2954102634,231431.96529019895,5203067.991259701,77435.9880953328,2561123.2806509263,9429.25535855807,0.14166666666666666,0.07777777777777778,-0.075,0.6666666666666666,0.21944444444444444,13.831645458397412,21.839312454708455,26.382138185348953,1.578938132877709,1.9073752479197577,1.2080113895554934,0.06944444444444445,0.008333333333333333,0.07777777777777778,000927_001403_70_155_006_FF_787.c3d,0.5722609659868725,-0.07528546595950261,0.3580313355593585,0.12795134144913606,-0.21353777438945531,0.08738891124591311,0.5721154039201014,1.8115731551717436,-0.3623016626323229,-0.4386958054264528,-0.527731401382771,-0.5749534759502124,-0.4117990446823375,-0.527731401382771,0.1654297387504481,-0.00882213810883106,0.23539882179489474,-0.2442209599037258,321.10328017076097,22.240330194946104
000949,001561,76.0,261.0,3.0,FF,86.0,142.31396767325944,32.95833645791795,109.35563121534149,2674.6426208647476,114.53988329445386,937.2871599790531,56.71520140222257,56.712857161949366,1028.15301156835,179.26112691173887,87.88884927310063,594.0,1.65,-0.011277987822681383,-0.05779909001317288,0.04652110219049149,0.9304220438098298,153.28677287355075,337.0092310184094,18.128693246625915,0.07777777777777778,1.0935954022173058,-0.06570335455826479,-0.7841502274986563,-0.7752918934009722,-0.7343434939833273,-0.38743413787242226,-0.06175887873380641,-0.7343434939833273,-0.04980673351532894,0.5449322767475452,0.14698607744572872,-0.3121560646376008,0.2074416823334384,1.0934374887275289,0.12917343897606345,0.539989898663778,-0.4108164596877145,24.406415050558454,320.1149547748366,0.03611111111111111,129.2298618502037,0.030555555555555555,88.05289033920471,257287.75633638926,4293984.8489084,274836.755703223,3510501.1854070644,79331.26043753559,1566401.250066582,3936.7517556409507,0.1527777777777778,0.05555555555555555,-0.06111111111111111,0.6666666666666666,0.20833333333333334,15.196952090824869,23.621153271913236,29.6340127238014,1.5543349173400673,1.9499971143353725,1.2545540170148155,0.05,0.011111111111111112,0.06111111111111111,000949_001561_76_261_003_FF_860.c3d,0.566512330199599,-0.03403613476909697,0.28228982425794924,0.07614280845717403,-0.16170537952631622,0.10746046536129218,0.5664305266926694,0.48198406745225336,-0.40621126579913813,-0.4016224064447639,-0.3804100155321837,-0.20070148045608283,-0.03199278840333942,-0.3804100155321837,-0.025801250266954488,0.0669153745213756,0.2797295372274026,-0.21281416270602702,165.8283023077272,31.770125867121543
000952,001574,76.0,192.0,6.0,FF,89.8,155.22474947745428,32.42515862468671,122.79959085276758,2518.0645724154706,108.05717318186554,875.0616261537677,61.55103778005445,61.47169891491654,728.248236028502,176.67074051186066,86.19490558518129,534.0,1.4833333333333334,-0.031435130173525914,0.005271944519294157,-0.03670707469282007,-0.7341414938564014,165.37444657018963,144.96110011998042,11.296293941671024,0.16944444444444445,1.0189092047522064,-0.09859196729015576,0.12551374104664464,-0.039997213332035424,-0.08761879266099655,-0.01771792534300825,-0.13345050773676806,-0.08761879266099655,0.21313253370764118,0.1522256115395186,0.023337502331383406,-0.29260751258336737,0.2986022406637241,1.0189044210689742,1.2271107644355486,1.0722588908037267,0.15485187363182185,39.50671667473213,180.72222586260295,0.12222222222222222,124.28505881955665,0.14444444444444443,57.79641859297118,318393.041580101,4114594.8538264306,210783.35399712526,3270100.5033700094,82234.71183704949,1499635.445515022,7050.809859385597,0.16666666666666666,0.016666666666666666,-0.013888888888888888,0.6666666666666666,0.18333333333333332,17.047649945240746,28.868593500163936,24.791179780472213,1.6934060467509355,1.454228580484975,0.8587595298098409,0.05555555555555555,-0.002777777777777778,0.05277777777777778,000952_001574_76_192_006_FF_898.c3d,0.5278228371074422,-0.05107333572842715,0.07885703042867728,0.012089464531383862,-0.1515786948732736,0.15468412798576675,0.5278203590286854,-0.38030537394136005,0.06501955089444916,-0.020719650503540937,-0.045388931133960086,-0.009178369945611402,-0.06913101312513886,-0.045388931133960086,0.11040848202840924,0.6356769397200314,0.5554594336944295,0.08021750602560188,93.61905608298952,23.371127074664123
000956,001581,67.0,209.0,1.0,FF,82.3,135.00095396136797,38.688748847553406,96.31220511381457,2652.4854355290913,114.73221043352284,1375.2588327072103,56.16101922868212,56.114010501478596,1025.3505333111427,175.5252793927101,88.52253400730879,573.0,1.5916666666666666,-0.020293048031649632,-0.006569690941704438,-0.013723357089945194,-0.27446714179890386,172.383072134389,116.38850523943802,2.0963294933946486,0.06388888888888888,1.059400880348637,-0.21193777371166106,-0.0868304019366194,0.2812525561229582,0.5176400333245119,0.5385684843845612,0.2672832158298184,0.5176400333245119,-0.6044704352611313,0.4614063748648278,0.1777550695756544,-0.35980197852353907,0.09189291322450815,1.0445820579749483,0.8859786686564561,1.3488274406041174,-0.4628487719476613,38.07939194940113,434.3848160032394,0.011111111111111112,122.25135724949406,0.008333333333333333,80.07743329095312,201397.53635430828,3250071.990333431,335161.6262472418,4159536.9582478837,113270.90771938296,1990576.3374539083,3421.4291261403428,0.1388888888888889,0.06666666666666667,-0.05555555555555555,0.6666666666666666,0.20555555555555555,14.230882859590242,22.82925574052048,28.301668723635487,1.6042051618136794,1.9887500306815393,1.239710529564125,0.05555555555555555,0.008333333333333333,0.06388888888888888,000956_001581_67_209_001_FF_823.c3d,0.6225178518913134,-0.12453741550808618,0.27112843745729687,0.10445121023366694,-0.21142436157218186,0.05399748103449768,0.6138101175079024,-0.16128049230162408,-0.05102268300424221,0.16526769075270784,0.3041720727021459,0.3164699050326485,0.1570591231812307,0.3041720727021459,-0.35519475570638814,0.5206126857776802,0.7925886946786447,-0.27197600890096446,255.2502150683038,32.734242345294675
000964,003037,74.0,208.0,3.0,FF,89.5,135.31454700604547,55.239063040473646,80.07548396557183,2994.03324514474,111.01582682561849,995.7362110395261,52.18448549354582,52.016211362497636,944.5714211650744,175.60584584849605,84.53995069299664,501.0,1.3916666666666666,5.164085124173277,4.448894470877665,0.715190653295612,14.30381306591224,167.25482451856072,209.88710370610534,0.0,0.0,1.130247865851873,-0.09757249010207913,2.638482538292374,3.021701007615037,3.1147692111165894,3.2671802452240755,3.3659160263172736,3.1147692111165894,-0.47628667282421544,0.2626610006369294,0.16548863937384606,-0.1614061303649098,-0.17511993570529402,0.7451950200411731,0.9941951460402043,1.2589182440823976,-0.2647230980421933,30.53096025125002,134.71403715518377,0.3111111111111111,126.71972409126539,0.32222222222222224,54.38860640548123,328279.3773852162,5118079.189276144,317894.72313846025,4123417.3890505764,105546.78983764377,3083442.02072453,22363.648542549385,0.10555555555555556,0.08611111111111111,-0.075,0.6666666666666666,0.19166666666666668,17.033699971961624,27.817659147056894,32.000353582096096,1.6330955219856074,1.8786495966683914,1.1503611217941654,0.044444444444444446,0.013888888888888888,0.058333333333333334,000964_003037_74_208_003_FF_895.c3d,0.6013236145200431,-0.05191130565124449,0.13974303077087114,0.08804460490202494,-0.08587259542717057,-0.09316872510390191,0.3964646839972192,7.610030360668356,1.4037468282040722,1.607629818905638,1.6571447175551126,1.7382316690913362,1.79076187822796,1.6571447175551126,-0.25339788935104035,0.5289397457119623,0.6697798702289837,-0.14084012451702133,71.67165202978494,26.705794828682425
000967,001620,73.0,203.0,2.0,FF,85.0,141.81388955964613,42.251110217515084,99.56277934213105,2079.2826143679213,107.221416621572,1070.7139402985956,48.64592148634927,48.610441289620205,759.5963798541053,179.20702492007769,74.63159621384753,555.0,1.5416666666666667,-0.030782726867213797,-0.233715608090316,0.2029328812231022,4.058657624462044,141.4451681133831,345.52411129694235,16.754743490535134,0.11666666666666667,0.9963781165025241,-0.0553104815372541,-0.6092105114745784,-0.6116109823552136,-0.46048111636718225,-0.24370926024873443,-0.05317619171889777,-0.46048111636718225,-0.14872939510739613,0.33974643346750294,0.11577192878556009,-0.2503554789059734,0.28407751088975386,0.8204069478732648,-0.04453904308246304,0.30460366519948373,-0.34914270828194677,37.33716106579399,275.1312747287042,0.0,133.21616287148677,0.002777777777777778,80.13498046473913,179339.64599832142,4267931.881371885,249038.6417002132,3523732.265301354,95639.03388165188,2779616.984089885,23681.638751879193,0.1388888888888889,0.027777777777777776,-0.013888888888888888,0.6666666666666666,0.16666666666666666,16.005181449424065,25.458118115466014,32.16385102575339,1.590617275781157,2.009589902331959,1.2634025374488929,0.05277777777777778,0.013888888888888888,0.06666666666666667,000967_001620_73_203_002_FF_850.c3d,0.537362806872249,-0.02982983579832494,0.183230737497305,0.06243767057790966,-0.1350207522953152,0.1532075886580487,0.442458714201955,2.1888995925261807,-0.3285570658367913,-0.3298516785434223,-0.24834490150317243,-0.13143633925613982,-0.02867877883663994,-0.24834490150317243,-0.08021216433361888,-0.02402062511188817,0.16427767511567457,-0.18829830022756272,148.38273904039707,26.782797044670843
000970,001623,69.0,180.0,6.0,FF,85.8,159.7248025705854,45.353501438860484,114.37130113172492,2651.8283599187803,111.25705833523857,1450.2999843460361,44.71957463116759,44.67615694256794,816.4436863216907,177.1465704681321,71.28044442920896,482.0,1.3388888888888888,3.048489357639066,2.79069092286073,0.25779843477833575,5.155968695566715,168.79500119429858,126.68945707468993,0.0,0.0,1.255515000843219,-0.2403124252141231,2.294955476640259,2.5778821851463984,2.657485656522532,2.81832193438592,2.883468472027216,2.657485656522532,-0.3625301798822731,0.3579089010163776,0.2311172355091015,-0.4748916112868588,-0.15788345515419633,1.0981791329172972,1.5024641255403193,1.7711225735157072,-0.26865844797538796,2.0600822309218696,84.41291477474468,0.2777777777777778,159.16863243742685,0.29444444444444445,60.87957567793681,355567.03974439617,5334472.895422611,233140.46396652827,3518192.221143026,122489.41079707506,3171353.9313381696,19662.326576323667,0.12222222222222222,0.08888888888888889,-0.07222222222222222,0.6666666666666666,0.2111111111111111,16.31327175291936,26.731010896218095,31.846489546614247,1.6386051370372359,1.9521828624546222,1.1913686942202357,0.04722222222222222,0.011111111111111112,0.058333333333333334,000970_001623_69_180_006_FF_858.c3d,0.7163728180093684,-0.13711766815823526,0.20421596543214518,0.13187106898841805,-0.2709640598464332,-0.09008527624911351,0.6265999845471284,2.9418970076267916,1.3094576495722123,1.4708902117690281,1.5163104282337854,1.6080805285780668,1.6452518954851172,1.5163104282337854,-0.20685277866157314,0.857277259808467,1.010568625764982,-0.15329136595651488,48.16439277344784,26.581527643206513
000976,002730,74.0,198.0,1.0,FF,81.8,145.43029859162675,48.071506633124216,97.35879195850254,2951.61957336508,117.05484444026145,1690.3718551051993,49.93284349030576,49.836782617853565,799.2366432118703,176.62718140457528,86.15102430162726,474.0,1.3166666666666667,-0.03025462525840533,-0.037165042325711724,0.006910417067306395,0.1382083413461279,170.18211464446404,230.95438797604345,6.445066760111246,0.09166666666666666,1.0679228573669877,-0.10646465784348487,0.7521856256635654,0.6846914161184681,0.4874325044729081,0.10568348506077489,0.028643825499796265,0.4874325044729081,0.2647531211906573,0.20943799455682033,0.08039116924092003,-0.24268345741753825,0.28071409585918594,1.0562588802937294,1.216596027687372,1.0114852654557558,0.20511076223161617,41.35235590306304,125.34941340653077,0.075,127.01208092474805,0.28888888888888886,36.338998746983414,255247.09384984168,4657134.914725345,232163.94784205002,6183895.162941039,104201.36389294466,2536774.754207972,9559.893303353647,0.1111111111111111,0.005555555555555556,-0.005555555555555556,0.6666666666666666,0.11666666666666667,14.161625038041661,23.902548325295967,29.015128442786946,1.6878393730301258,2.048855859750916,1.2138926798897152,0.05277777777777778,0.013888888888888888,0.06666666666666667,000976_002730_74_198_001_FF_818.c3d,0.5681649592290847,-0.056642188680296274,0.11142689644436068,0.04277036031119389,-0.12911441658732617,0.1493477845601117,0.5619593957723609,0.073530720018157,0.4001838825620161,0.36427506709856783,0.2593277848866291,0.056226582815904924,0.015239319801977158,0.2593277848866291,0.14085609767538695,0.6472632622299277,0.5381385749392189,0.10912468729070876,66.6894091330766,25.42186238499577
000986,001668,73.0,180.0,1.0,FF,87.9,160.79303759687176,51.540393514278655,109.2526440825931,2716.307440980245,128.13067742987934,1445.2731240074233,55.31540389081789,55.291799136800606,671.3114149358269,176.8639820444252,56.46482900953616,426.0,1.1833333333333333,0.04524728733022328,-0.1291051586392296,0.1743524459694529,3.487048919389058,155.7074133029541,292.1943118121186,20.027676139860773,0.1361111111111111,1.336453603648174,-0.11560154779764177,0.2898498279678896,0.014367617660504744,-0.22972334493198457,-0.354137865549212,-0.3438005897202561,-0.22972334493198457,0.5195731728998741,0.7962807799303794,0.336957569435433,-0.3606597421354132,0.023722037839191686,1.316334983660645,0.9821357848774006,0.4457797562519317,0.5363560286254689,18.990189407409886,-424.43007532870854,0.025,61.27684857737922,0.03888888888888889,87.62882097162985,253854.97407872716,10596010.104011277,215243.78649219382,4471198.347975783,99078.58776551849,4870934.40440969,28984.990030160097,0.12777777777777777,0.075,-0.06111111111111111,0.6666666666666666,0.20277777777777778,16.51138959950846,25.394617055410695,33.69681766988517,1.5380060474235728,2.0408226374167997,1.3269275766734026,0.05,0.008333333333333333,0.058333333333333334,000986_001668_73_180_001_FF_879.c3d,0.7207710083314497,-0.06234578135996213,0.42944708226209655,0.18172665809267233,-0.19450962255172755,0.012793678049396877,0.7099207117142946,1.880621788042853,0.15632069246461527,0.007748688200034918,-0.12389350929348754,-0.19099226919922987,-0.1854172094273844,-0.12389350929348754,0.2802142017581028,0.5296816874541046,0.2404162206083118,0.2892654668457928,-228.90199295044147,23.748292946013557
001000,001718,75.0,215.0,4.0,FF,91.2,151.50407686464004,56.892379845198946,94.6116970194411,3262.5703175283197,114.63376299468737,1082.8834601664928,55.425847025995566,55.42021577345263,828.6876706948875,178.83352252123953,61.47924227028949,417.0,1.1583333333333334,3.6135301740065993,4.909599654447158,-1.2960694804405586,-25.92138960881117,166.88441328329483,89.1082879347681,4.0282725439109015,0.06944444444444445,1.1203305178334106,0.10591708060051326,2.4348963654129316,2.2592872870573477,2.2797866717200113,2.3073200779307905,2.371160048178114,2.2797866717200113,0.15510969369292038,0.1520100325304604,0.11506653687718621,0.10975282357252475,-0.15143786196400444,0.25092819847527087,0.9390846805121235,0.9235645663983936,0.015520114113729888,12.05912081309479,109.61473262603867,0.35,151.30097240619665,0.3472222222222222,49.220635424718786,377764.9377676484,6142420.757681219,128229.45537620786,2758610.2925362894,114050.2298774798,3175693.1506409477,25732.850399393832,0.1361111111111111,0.0,-0.002777777777777778,0.3333333333333333,0.1361111111111111,16.47764146300728,25.537346197663886,32.002578575693036,1.549818052237383,1.9421819953747403,1.253167746091823,0.041666666666666664,0.008333333333333333,0.05,001000_001718_75_215_004_FF_912.c3d,0.5881000093613704,0.05559951737559751,0.07979529266690834,0.06040238156282741,0.05761303074673215,-0.07949494066351939,0.13172083909463037,-13.60702866604261,1.2781608217390716,1.185977578507794,1.196738410351712,1.21119164195842,1.2447034373638395,1.196738410351712,0.08142241138735978,0.49295783753917244,0.48481079600965543,0.008147041529517002,57.54054206091269,26.873333746667495
001002,003132,72.0,216.0,1.0,FF,92.4,148.4966152328583,46.47898790392858,102.0176273289297,3172.4225325374496,115.00595361616591,1457.4082193591448,57.06644420503542,57.06557321907209,1119.7258537480398,179.66332627875263,52.89068334353964,520.0,1.4444444444444444,0.05840697170377403,-0.07259716942948885,0.13100414113326286,2.6200828226652573,143.24885717268825,479.99580216274353,36.41446910606439,0.1361111111111111,1.234222521735965,-0.0355770047294771,-0.49975921675124096,-0.6119851375866847,-0.7139679390453039,-0.7150161834392128,-0.6370870430082111,-0.7139679390453039,0.2142087222940629,0.574361383168803,0.19277647848577353,-0.25655327602209155,0.1389645119434444,1.1579909507458406,0.18359029898490328,-0.30694029322975064,0.4905305922146539,20.386348850991986,948.6529468324312,0.002777777777777778,120.8653445462803,0.0,80.7484382305524,319474.7781663239,6205056.034143222,242334.4144614072,4090729.557751266,136140.7350563441,3778252.261649433,25034.684190756416,0.15,0.0,-0.008333333333333333,0.3333333333333333,0.15,16.913761030588738,26.855665740153785,32.799536048652634,1.5877997620745021,1.9392219145897995,1.2213264927412226,0.05,0.005555555555555556,0.05555555555555555,001002_003132_72_216_001_FF_924.c3d,0.674881081439176,-0.01945374274358984,0.31406462334252133,0.10541146023937747,-0.14028503719493196,0.07598671912918001,0.6331971515451884,1.4326787088064619,-0.273271662702997,-0.3346375424249151,-0.39040241636335515,-0.3909756033678985,-0.3483634312162134,-0.39040241636335515,0.1171307536603581,0.100388396207843,-0.1678369932358654,0.2682253894437084,518.7297390816007,29.29505859011718
001003,001729,79.0,233.0,2.0,FF,90.6,149.70670671244145,39.33606456745886,110.37064214498258,2679.546465384471,104.52531870640969,1524.9908375516586,54.01126856427779,53.94582221464768,1370.5718620252942,178.81014411674195,96.90876165932278,,,,,,,,,,,,,,,,,,,,,,,,,,,,,,,,,,255071.8849181369,4526311.382382125,362544.78135644103,4368732.19958338,87771.92702000367,2445858.012994448,20584.11426453824,0.12777777777777777,0.08333333333333333,-0.06944444444444445,0.6666666666666666,0.2111111111111111,17.273125096864327,25.823300139267705,31.519553764052535,1.4949987332608117,1.824774242489243,1.2205858118081094,0.06944444444444445,0.0,0.06944444444444445,001003_001729_79_233_002_FF_906.c3d,,,,,,,,,,,,,,,,,,,,26.248672910741117
001005,002655,71.0,208.0,1.0,FF,84.8,142.7534287677697,42.058227752965415,100.69520101480427,3181.6409572162715,121.16273688799404,1495.962327838966,59.03748293100775,59.02728027847955,745.7392898405578,174.03869746948683,65.15466361172004,,,,,,,,,,,,,,,,,,,,,,,,,,,,,,,,,,377560.8534296061,7226415.244051565,214978.08495231715,4125363.080024791,163314.50604502286,3921402.221502125,29756.262616736774,0.2,-0.06388888888888888,-0.002777777777777778,0.3333333333333333,0.2,16.63323983755927,24.507686840112633,30.56743824357232,1.4734163085156864,1.8377320679611944,1.2472592147514088,0.05,0.013888888888888888,0.06388888888888888,001005_002655_71_208_001_FF_848.c3d,,,,,,,,,,,,,,,,,,,,29.01030201981055
001017,001759,71.0,175.0,1.0,FF,83.9,,,,,,,,,,,,,,,,,,,,,,,,,,,,,,,,,,,,,,,,,,,,,,,,,,,,,,,,,,,,,,,,,,001017_001759_71_175_001_FF_839.c3d,,,,,,,,,,,,,,,,,,,,24.407706026282913
001027,001782,72.0,215.0,2.0,FF,73.8,157.00613797521586,22.52805436850522,134.47808360671064,2840.210301376432,122.14068932352153,2017.024542657065,41.817016940232435,41.7914171263572,611.4382836186651,178.13822717919197,133.9039894764585,666.0,1.85,-0.0055029883565456805,0.011091817075270793,-0.016594805431816476,-0.3318961086363295,150.88178944397802,68.5043664097293,0.42342821072952574,0.022222222222222223,1.0359831299891429,-0.18361582575272153,-0.057681778647538845,0.17232899556392742,0.17232899556392742,0.17232899556392742,0.17232899556392742,0.17232899556392742,-0.23001077421146626,0.09855618293529439,0.012732429044020903,-0.16560956926690412,0.3406326986760405,1.0307449706646261,0.8542986967418396,1.1581699796814926,-0.30387128293965304,22.66512181877872,-186.00953250746016,0.022222222222222223,139.0534612406949,0.019444444444444445,12.646489701331877,248943.94642358905,5233946.881445555,71010.64554062288,1963891.4719761321,145814.9567886383,3769499.332210251,18809.866019116285,0.11666666666666667,0.0,-0.005555555555555556,0.3333333333333333,0.11666666666666667,13.89765985827007,22.135355809678256,25.51737669259754,1.592739787519421,1.8360916120286925,1.1527881870071663,0.06111111111111111,0.016666666666666666,0.07777777777777778,001027_001782_72_215_002_FF_738.c3d,0.5664824639048244,-0.10040235441421781,0.05389117614572091,0.0069621768613412635,-0.09055641364113305,0.1862602245603896,0.5636182035567728,-0.18148299903561324,-0.03154078010036026,0.09423064061894544,0.09423064061894544,0.09423064061894544,0.09423064061894544,0.09423064061894544,-0.1257714207193057,0.4671362077547242,0.6332950457575965,-0.1661588380028724,-101.7112491838693,29.15943331886664
001029,002907,73.0,182.0,2.0,FF,78.8,134.43410229191647,37.50079944067177,96.9333028512447,2404.2307667507066,96.6547775563619,1200.656589017251,53.042708560826924,53.02475833470358,781.7285171545344,176.28063614557453,68.48857726367766,409.0,1.136111111111111,0.021852485010842793,0.02354949136038404,-0.0016970063495412475,-0.03394012699082495,131.92266264999606,257.37727901829203,32.781219226714796,0.19722222222222222,1.1026686593193231,0.0050924366441134385,0.2766246639213279,0.13352296738129624,0.0295340877424001,-0.17147646763497018,-0.35129358683499573,0.0295340877424001,0.2470905761789278,0.5996445785936951,0.20129299464539246,-0.28665469408225475,0.11248691981257161,1.066949328501098,-0.15416029851037139,0.21488246333146788,-0.36904276184183926,2.353350649603282,614.521513856485,0.011111111111111112,115.37721511288687,0.0,66.47372150044323,232218.86182078335,5701340.459566511,183880.45414222064,3574842.750308472,85386.52200146213,2688304.8265308375,22008.90393882725,0.14444444444444443,0.05,-0.06111111111111111,0.6666666666666666,0.19444444444444445,15.17385866112466,24.245603484804132,30.438131290994857,1.5978535207343951,2.005958535054579,1.2554082768066332,0.05277777777777778,0.011111111111111112,0.06388888888888888,001029_002907_73_182_002_FF_788.c3d,0.5946870129000772,0.0027464333103836905,0.3233980037718127,0.10856056231549589,-0.15459750516786472,0.060666012195325004,0.5754230010252929,-0.018304458521640036,0.14918814794592164,0.07201109232083715,0.015928210410096053,-0.09248002784757318,-0.18945830376172784,0.015928210410096053,0.1332599375358256,-0.08314113823232197,0.11588958220875197,-0.19903072044107395,331.42137517877524,24.01216286763593
001062,001830,66.0,186.0,2.0,FF,83.5,135.09472233553134,50.196423937246834,84.89829839828451,2929.49063394478,128.1300219444962,1301.8549022188117,44.742513893981084,44.72845271419329,948.4919439920734,174.5796031159758,100.3644064393685,,,,,,,,,,,,,,,,,,,,,,,,,,,,,,,,,,385638.0567724862,5999565.474803025,226976.62127280774,3520428.1201282926,139812.21410259916,3644776.198207512,19574.554254295945,0.11388888888888889,0.002777777777777778,-0.002777777777777778,0.6666666666666666,0.11666666666666667,15.254782929883334,24.469821861130555,28.334003493772197,1.6040753889191983,1.8573849017718467,1.1579162142892327,0.05,0.013888888888888888,0.06388888888888888,001062_001830_66_186_002_FF_835.c3d,,,,,,,,,,,,,,,,,,,,30.021382356814303
001068,001845,75.0,204.0,2.0,FF,87.5,148.242298795964,41.12612350241752,107.11617529354646,1930.5603191589978,123.5744570199603,1263.491207984622,56.02429525305759,55.960464565274705,884.8958816634778,174.90502176605523,51.993454310685124,177.0,0.49166666666666664,3.7394747976226372,4.358038917869926,-0.6185641202472891,-12.371282404945783,164.01969625985396,57.75128797092407,0.0,0.0,1.0121585612340975,-0.1871105233688467,2.0796029664014433,2.010880342612688,1.9548835669852347,2.1316614440004,2.4987448698490966,1.9548835669852347,0.12471939941620858,0.24527666863316455,0.16289771861723149,-0.26482594888704714,-0.23882668472390745,0.749105690534456,1.0992320569404115,1.2186530812389804,-0.11942102429856893,6.266505949693088,-60.76425041692191,0.3861111111111111,113.87260965177265,0.4027777777777778,60.23667221228059,131083.25688615773,2713667.0016971356,293632.04570876376,5620421.343549442,73920.11898855834,1913565.527597836,9310.379879173175,0.15833333333333333,0.09722222222222222,-0.08055555555555556,0.6666666666666666,0.25555555555555554,15.057019980605173,23.56350048842382,27.691640551085708,1.564951133675573,1.839118270863364,1.1751921394145128,0.06388888888888888,0.013888888888888888,0.07777777777777778,001068_001845_75_204_002_FF_875.c3d,0.5313168300441456,-0.09822074717524762,0.12875415676281604,0.0855106134473656,-0.13901624613493288,-0.1253683384377467,0.3932313336138876,-6.494111498659203,1.0916551004731985,1.0555802323426184,1.0261855994673148,1.118982385302047,1.3116770970336464,1.0261855994673148,0.06546950100588377,0.5770247018059903,0.6397129035375225,-0.06268820173153225,-31.897244313344835,25.498418996837994
001466,002653,75.0,170.0,1.0,FF,90.9,145.99313238362996,22.00918129021656,123.9839510934134,2977.564120819339,100.19744195952158,1380.6362487465735,60.47628998327572,60.452041889468184,1376.6577460486833,178.7567038318406,64.99024821500842,544.0,1.511111111111111,-0.07959489687241297,0.00930319939452862,-0.08889809626694159,-1.7779619253388317,174.22606154079023,28.570040754410684,0.0,0.0,1.1352044856948018,-0.24570308489452095,-0.21351481703409658,-0.06335086450462338,0.00567547498041717,0.1602643238133024,0.1602643238133024,0.00567547498041717,-0.21919029201451376,0.34431098455153214,0.0575198183609994,-0.42826704334687765,0.21078250824548464,1.0934940997538865,0.9002909874308305,1.4454122655920363,-0.5451212781612058,30.509330405305267,355.1623985717965,0.005555555555555556,132.2320040866327,0.002777777777777778,70.15155334843395,316640.0349142292,6968880.648729895,327605.1724028074,4688057.011641543,110308.7871225014,3077637.6338238944,26630.35684124394,0.10555555555555556,0.075,-0.06388888888888888,0.6666666666666666,0.18055555555555555,17.570993120051526,26.16912478453923,34.81370479374106,1.4893366929087095,1.9813168530589562,1.3303350830559326,0.04722222222222222,0.013888888888888888,0.06111111111111111,001466_002653_75_170_001_FF_909.c3d,0.5959078665064577,-0.1289779973199585,0.18074067430526622,0.03019413037322803,-0.22481209624508014,0.11064698595563498,0.5740126507894417,-0.9333133466345573,-0.11208126878430266,-0.033255046984054265,0.002979251958224236,0.08412825397023749,0.08412825397023749,0.002979251958224236,-0.1150605207425269,0.47259369418941233,0.7587465961113051,-0.2861529019218928,186.43695463086428,21.248682497364992
001539,003035,69.0,204.0,2.0,FF,86.9,151.6701707331113,40.831280341320195,110.8388903917911,3006.029772257338,112.49670725606492,1354.654902229686,66.77060204666027,66.6895612560473,1534.2299885027435,178.79627839412032,89.73801003021393,563.0,1.5638888888888889,-0.12678372437383473,-0.19012150348518295,0.06333777911134822,1.2667555822269643,165.31854861831164,330.41806482614106,3.3284541118591733,0.03611111111111111,1.1599487875515169,-0.15751902963202646,-0.4995320068349655,-0.5877571271236528,-0.6547284600017532,-0.561392204611275,-0.3500093901577851,-0.6547284600017532,0.1551964531667877,0.35122261008656364,0.09212066100401085,-0.31725134761684176,0.2464474907037171,1.1467033649590737,1.9365536696510441,0.9096888051004463,1.026864864550598,47.186506690410795,146.27239172768995,0.08611111111111111,136.25179130476877,0.13333333333333333,68.73538992493222,324187.9755738196,5785923.834525661,493626.34493335744,6356407.1467147395,109286.92155936446,3405696.853876603,27404.82440601573,0.15,0.08611111111111111,-0.07222222222222222,0.6666666666666666,0.2361111111111111,16.472515118939345,27.768539510713477,32.51465466201716,1.6857498269214808,1.9738731108908374,1.1709169886112507,0.044444444444444446,0.013888888888888888,0.058333333333333334,001539_003035_69_204_002_FF_869.c3d,0.661844566673238,-0.08987734202443597,0.20040089586132812,0.052562285178598005,-0.18101754400139322,0.14061821904810973,0.6542869821745256,0.7227864785044872,-0.285023397714804,-0.33536296195575305,-0.3735755220824793,-0.3203196420240072,-0.19970865580154348,-0.3735755220824793,0.08855212436767529,1.1049604414304715,0.5190510128383238,0.5859094285921477,83.46022579464223,30.125731328967387
001540,002989,71.0,185.0,1.0,FF,80.5,149.27544421256232,35.62693246617734,113.64851174638498,2365.58324873405,108.85096485091053,1169.9196193779849,41.52959309309735,41.51317739291869,878.7474341665433,179.49972736869023,83.01718510897193,493.0,1.3694444444444445,-0.04066568076841605,0.07635767119068128,-0.11702335195909733,-2.3404670391819464,169.2557312550397,153.59607097517198,5.351655900798477,0.058333333333333334,1.1295432269202361,-0.004506751772010181,-0.17215155941970456,-0.0616142546583852,0.10793982017181933,0.27547169743099637,0.27547169743099637,0.10793982017181933,-0.28009137959152386,0.21157445063541946,0.09687233292309576,-0.04058915528283866,0.28039922957631236,0.6742923813459267,0.20379805255893182,0.766261307116915,-0.5624632545579832,39.28453044465718,-86.59646855551927,0.06944444444444445,128.75076325108256,0.002777777777777778,55.017192631691614,213850.10482668405,5544862.61317162,246581.34483920614,4392814.796265155,111928.09856247563,3530538.4468422,24344.36512022106,0.12222222222222222,0.07777777777777778,-0.075,0.6666666666666666,0.2,15.206885539964144,24.668780341710107,30.18003492075756,1.6222112198372127,1.984629583844998,1.2234100957852787,0.05,0.011111111111111112,0.06111111111111111,001540_002989_71_185_001_FF_805.c3d,0.6263409265388911,-0.0024990305933293676,0.11731975747777502,0.053716498238380705,-0.02250701745749066,0.15548365840984385,0.3739006217954568,-1.2978080510047392,-0.09545944295203758,-0.0341656064424893,0.05985351013187276,0.15275130166962203,0.15275130166962203,0.05985351013187276,-0.15531295308391033,0.11300768135684365,0.4248981407989991,-0.3118904594421555,-48.01844768521641,25.802432084927652
001543,003053,73.0,207.0,2.0,FF,81.4,159.89339619710594,43.93922530121533,115.95417089589061,2809.5432909903843,110.74566997138892,1310.9909821049557,52.58782781886786,52.52028216362379,715.4878101651361,178.15293211362294,74.79264519066334,468.0,1.3,0.028530679212154048,0.08736090509402991,-0.058830225881875864,-1.1766045176375173,132.7347938662812,315.68905473061136,17.059374337832708,0.19722222222222222,1.3406879359943566,0.008474026675451649,0.7486898958110066,0.7568990024613195,0.5246998995030551,0.18995652400896662,0.10104439688788304,0.5246998995030551,0.22398999630795158,0.672648099146912,0.23954184214033228,-0.18309549446846804,0.004849566598187936,0.9804776298540165,1.5620552089833013,0.6634716321154597,0.8985835768678416,24.591834720935502,-436.8235229903202,0.06111111111111111,45.172520983624835,0.05277777777777778,90.2354814433018,291041.2800357654,5622757.104668735,195442.0192396592,3508382.6403660025,104935.78513325397,3422626.793009577,30618.197520396803,0.1638888888888889,0.06111111111111111,-0.06944444444444445,0.6666666666666666,0.225,15.897955828853059,23.933232890619756,30.63131613371161,1.505428317216956,1.9267455805933935,1.2798653768884294,0.058333333333333334,0.011111111111111112,0.06944444444444445,001543_003053_73_207_002_FF_814.c3d,0.7230546521380417,0.004570179417242827,0.3627699812031669,0.12918878337845555,-0.0987463566327624,0.002615449572962969,0.5287874176755564,-0.6345618151426585,0.4037805500005429,0.40820785377053154,0.28297912819709586,0.10244662064985796,0.054494874818187385,0.28297912819709586,0.12080142180344709,0.8424415969061059,0.35782096435954036,0.48462063254656546,-235.58597939290274,27.31053688791559
001547,002889,73.0,245.0,1.0,FF,79.5,143.1165485411246,57.82966996291167,85.2868785782129,2257.579637057702,117.43218068480418,1199.6033247593678,63.629732463143995,63.36371585347559,718.247510953077,176.73434906795595,87.19852298381883,666.0,1.85,-0.07759673867502075,-0.29735728579232795,0.2197605471173072,4.395210942346144,150.61323908467676,316.57704335618746,12.502900092950824,0.19166666666666668,0.9726564453921832,-0.05897645408410384,-0.6949308411867446,-0.5179222441050471,-0.3877058564408776,-0.08335620040947006,0.031249095420005753,-0.3877058564408776,-0.307224984745867,0.31624919143002805,0.08563463536373916,-0.33123648931483124,0.024876230061607295,0.9472886605425893,0.6169232779025058,0.9051174173309037,-0.2881941394283979,19.525031481833565,397.08580715930884,0.002777777777777778,142.6648726109181,0.011111111111111112,60.95868404575649,245168.12197881934,3800668.0201081526,216360.40306262314,3151815.7283073636,124679.47022830116,3302423.5081483726,21412.958556049303,0.15,0.03888888888888889,-0.041666666666666664,0.6666666666666666,0.18888888888888888,15.149877164100394,25.415136961897026,28.151154801407973,1.6775803979534238,1.8581770991593118,1.1076530826338984,0.05,0.0,0.05,001547_002889_73_245_001_FF_795.c3d,0.524569326605643,-0.031806953987759595,0.17055829545358003,0.046184141604864185,-0.1786411872046334,0.013416152551832218,0.5108880706194528,2.3704082312297188,-0.3747874237874796,-0.27932382920129817,-0.209096028713665,-0.04495534484385183,0.016853141743072893,-0.209096028713665,-0.1656913950738146,0.33271668531037957,0.4881444382110364,-0.15542775290065683,214.15478759535588,32.32406539874068
001552,002753,73.0,186.0,1.0,FF,79.4,148.84016876691436,34.21820271992151,114.62196604699285,2039.7511740207399,116.0520765844684,1109.6525058207365,55.28898637336457,54.82453100070459,944.0634617549417,171.83940143108532,83.10814328540285,,,,,,,,,,,,,,,,,,,,,,,,,,,,,,,,,,223478.44151725314,4417999.031195892,211281.69676381847,3163068.980029822,87446.2821189705,2842053.6375972033,23586.7613515448,0.16944444444444445,0.06666666666666667,-0.075,0.6666666666666666,0.2361111111111111,14.871253784276462,24.3718714729974,28.952030243634347,1.6388578815571049,1.946845280405721,1.187928070099643,0.06111111111111111,0.011111111111111112,0.07222222222222222,001552_002753_73_186_001_FF_794.c3d,,,,,,,,,,,,,,,,,,,,24.539902710880675
,,,,,,,156.70993457835306,50.45068956387987,106.25924501447318,2452.1541700567423,117.74595111510934,1193.387257922301,57.95030070480411,57.94282818480686,916.016748273163,179.36764041230253,69.35763285549967,405.0,1.125,3.3785539292650677,4.930868305522231,-1.5523143762571632,-31.046287525143264,173.65635821852194,196.84519807701236,3.5448719027663174,0.11666666666666667,0.8041215488444908,0.028724863353709114,2.9420627967079076,2.7786189900498486,2.7847584891373343,2.7772261746898765,2.8468298999669774,2.7847584891373343,0.15730430757057334,0.07342019107427304,0.07005195956795535,0.005087890504538672,-0.18211785774290631,0.441026728904441,1.0801145578012399,1.012904948515214,0.06720960928602593,11.769099261240344,82.04128651993983,0.5222222222222223,67.87004409502292,0.46111111111111114,48.301551139452734,269831.11753106746,5453220.191487552,66436.13605753095,2495562.9746194514,93566.95630409797,3098799.5104013975,26271.07555974375,0.2111111111111111,-0.05,-0.011111111111111112,0.3333333333333333,0.2111111111111111,15.25462384207158,24.489207284621454,29.17250946812338,1.605362907545534,1.9123716041864556,1.1912394357674008,0.05,0.0,0.05,pitching_sample.c3d,,,,,,,,,,,,,,,,,,,,
