user_id,session_id,height_in,weight_lb,side,swing_number,exit_velocity_mph,peak_elbow_flexion,min_elbow_flexion,elbow_rom,peak_elbow_velocity,peak_shoulder_abduction,peak_shoulder_velocity,peak_trunk_rotation,trunk_rotation_range,peak_trunk_velocity,peak_knee_flexion,min_knee_flexion,llb_foot_strike_frame,llb_foot_strike_time_s,llb_ankle_velocity_at_strike,llb_ankle_velocity_post_strike,llb_ankle_velocity_delta,llb_ankle_braking_decel,llb_knee_angle_at_strike,llb_knee_ext_peak_velocity,llb_knee_extension_range,llb_time_to_peak_extension,llb_stride_length,llb_knee_ankle_offset,llb_knee_forward_vel_at_strike,llb_knee_forward_vel_25ms,llb_knee_forward_vel_50ms,llb_knee_forward_vel_100ms,llb_knee_forward_vel_150ms,llb_knee_forward_vel_post,llb_knee_forward_decel,llb_head_forward_disp,llb_head_forward_disp_post,llb_hip_ankle_offset,llb_trunk_forward_lean,llb_stride_forward,llb_pelvis_vel_at_strike,llb_pelvis_vel_post,llb_pelvis_decel,llb_trunk_rotation_at_strike,llb_trunk_rot_vel_at_strike,llb_time_fs_to_peak_trunk_vel,llb_elbow_angle_at_strike,llb_time_fs_to_peak_elbow_vel,llb_shoulder_abd_at_strike,elbow_peak_accel,elbow_rms_jerk,trunk_peak_accel,trunk_rms_jerk,shoulder_peak_accel,shoulder_rms_jerk,knee_pos_rms_jerk,seq_gap_pelvis_to_trunk,seq_gap_trunk_to_shoulder,seq_gap_shoulder_to_elbow,kinematic_seq_score,seq_total_duration,peak_elbow_linear_speed,peak_wrist_linear_speed,peak_finger_linear_speed,whip_wrist_elbow,whip_finger_elbow,whip_finger_wrist,whip_delay_elbow_to_wrist,whip_delay_wrist_to_finger,whip_delay_elbow_to_finger,release_finger_speed,release_decel_10ms,release_decel_25ms,release_decel_50ms,wrist_snap_at_release,wrist_snap_peak,release_direction_alignment,filename,llb_stride_length_norm,llb_knee_ankle_offset_norm,llb_head_forward_disp_norm,llb_head_forward_disp_post_norm,llb_hip_ankle_offset_norm,llb_trunk_forward_lean_norm,llb_stride_forward_norm,llb_ankle_braking_decel_norm,llb_knee_forward_vel_at_strike_norm,llb_knee_forward_vel_25ms_norm,llb_knee_forward_vel_50ms_norm,llb_knee_forward_vel_100ms_norm,llb_knee_forward_vel_150ms_norm,llb_knee_forward_vel_post_norm,llb_knee_forward_decel_norm,llb_pelvis_vel_at_strike_norm,llb_pelvis_vel_post_norm,llb_pelvis_decel_norm,llb_trunk_rot_vel_at_strike_norm,bmi
000004,000103,75,236,R,3,97.2,141.04352350215777,20.843889014182704,120.19963448797506,1134.5436426126546,89.29220174002569,546.5871731594519,53.49521051827231,53.23582517918271,878.890007013664,175.25904003599535,94.5165497454122,574.0,1.5944444444444446,0.23457534572591987,0.017857491466478997,0.21671785425944087,4.334357085188818,156.62333532183237,316.9865840591723,18.635704714162983,0.18611111111111112,0.9946002330887396,-0.05718470293636884,0.8546490360143832,0.9899890885848004,0.5785622350450161,0.0920080967399228,-0.38417360246551674,0.5785622350450161,0.2760868009693671,0.08898764920021351,0.01070564229456371,-0.2938188482895727,-0.017648958448023194,0.9933605588197437,2.3939592905089606,1.826705857475132,0.5672534330338286,35.40858664119241,433.0529811557805,0.24722222222222223,44.70996928413846,0.16111111111111112,71.46459733356039,78229.10804230717,2338350.945917363,256940.2488842616,3995247.3346919534,61145.11118183359,1834500.5968151446,13683.196825924257,0.24444444444444444,-0.06111111111111111,-0.025,0.3333333333333333,0.24444444444444444,7.749254217617965,7.802443252342661,10.524731322444483,1.0068637617544887,1.358160543825812,1.348902001854927,0.030555555555555555,0.03333333333333333,0.06388888888888888,10.524731322444483,236.3429012388897,95.04483789443782,82.9421086236935,2670.4864527055456,2670.4864527055456,0.9991023431741342,000004_000103_75_236_R_003_972.c3d,0.5220998598891021,-0.03001821676449808,0.046712676745518905,0.005619759734679113,-0.15423561590003818,-0.009264545117072543,0.5214491122413353,2.2752530630912426,0.44863466457447937,0.519679311593071,0.3037072099973838,0.0482982135117705,-0.2016659330527647,0.3037072099973838,0.1449274545770956,1.2566715435742575,0.9589007125853711,0.2977708309888864,227.32439955684015,29.498170996341994
000005,000006,72,209,R,14,67.0,151.42462705751194,30.43392933442228,120.99069772308965,1298.4315355047402,85.54510101104134,438.37508291573926,43.82343385942968,43.809249475269894,633.4488565629887,169.6740442912642,111.06435902197417,310.0,0.8611111111111112,0.1829933478923177,0.265369447069792,-0.0823760991774743,-1.6475219835494859,156.02183369002887,337.66172834025724,13.652210601235339,0.16111111111111112,0.9129407209015393,-0.06815564693844232,0.3317804551133441,0.42161238828780806,0.3559791681072165,-0.15156928434731673,-0.43677518269144505,0.3559791681072165,-0.02419871299387244,0.03553255215874868,-0.012471914599703964,-0.2749511843129982,-0.06245742029002619,0.9031530834110318,1.086711157523033,0.9750696680545555,0.11164148946847752,24.96864021982452,224.4858214078426,0.11388888888888889,41.03924864121389,0.16666666666666666,63.088426704436046,112157.34848211033,5279430.174836955,141862.89572815807,4496418.622576232,27055.38521901513,1883089.6124690883,6634.49042430768,0.12222222222222222,-0.10277777777777777,0.15555555555555556,0.6666666666666666,0.175,7.075817754886164,7.971423622935643,10.762011624298601,1.1265727720913987,1.5209565872251243,1.3500739809303053,0.025,0.027777777777777776,0.05277777777777778,10.762011624298601,48.59357733129137,86.06011054310613,86.76035203912697,2236.030613396572,2318.4956042475537,0.9996723441819073,000005_000006_72_209_R_014_670.c3d,0.4992020564859686,-0.0372679609243451,0.019429435782342894,-0.006819725830984232,-0.1503451357791985,-0.03415213270452001,0.49385011122650474,-0.900875975256718,0.181419758920245,0.23054045728773406,0.1946517760866232,-0.08287909249087748,-0.23883157408762307,0.1946517760866232,-0.013232017166378193,0.5942208866595763,0.5331745778950981,0.061046308764478086,122.75033978994017,28.345681691363385
000008,000072,70,187,R,2,81.9,132.305185088982,37.83858023049151,94.46660485849048,997.0837817866953,78.14851165561949,450.4333088037677,44.83070294668719,44.68649566833521,697.2042128715367,173.11324003064445,139.33709208641304,579.0,1.6083333333333334,0.2644703413688746,0.0070715605088483655,0.2573987808600262,5.147975617200524,152.48274208074403,346.1594124220471,16.41183780675121,0.13333333333333333,0.787474747622138,-0.012169601468393012,0.05736961588205769,0.2469320952244733,-0.16927177907834584,-0.5465600667297258,-0.7895441508728289,-0.16927177907834584,0.22664139496040353,-0.038389450062790105,-0.07096203504483783,-0.22407953031612732,-0.040768462175666785,0.78072232715324,1.317029166873864,1.0344411767541386,0.28258799011972546,40.84281133547019,199.09642412577554,0.1,43.51950160433029,0.1388888888888889,68.68663377465876,70000.29239360553,3045279.7290242217,63734.84141657893,2511824.596747196,39020.26821185917,1539318.3459399561,11316.72205714109,0.07777777777777778,-0.058333333333333334,0.09722222222222222,0.6666666666666666,0.11666666666666667,6.265669532005407,7.2544177480433465,9.890149838868393,1.157804079992945,1.5784665610512856,1.3633278620515,0.03333333333333333,0.016666666666666666,0.05,9.890149838868393,10.053202947542417,45.010872145726,63.56738176531483,1895.4474996395827,2330.9502200362904,0.9998707400240684,000008_000072_70_187_R_002_819.c3d,0.44289918313956017,-0.006844545257813843,-0.021591366739476998,-0.039911155818244004,-0.1260289821800491,-0.022929393799587618,0.4391014213460292,2.895374362879935,0.032266375636702864,0.13888194332085113,-0.09520347529715739,-0.307401612333929,-0.4440630769813436,-0.09520347529715739,0.12746985093386026,0.7407363143272576,0.5818004368695943,0.15893587745766335,111.97774135307961,26.83188223519304
000009,000123,63,140,R,1,74.6,131.91325676949728,26.129756894426546,105.78349987507073,1154.7943291940262,87.21071684027714,448.5862230219588,63.947100459902956,63.894052636898024,632.7262370406125,176.55934261366497,126.24637163024562,374.0,1.038888888888889,0.013374374678123432,0.024654996262607108,-0.011280621584483676,-0.22561243168967351,139.77573103324403,468.3081661911626,36.78361158042094,0.125,0.841455813937997,-0.016653956888475548,-0.3835296433926164,-0.4562293916880886,-0.6626768053280346,-1.2518165620253718,-1.426429299299624,-0.6626768053280346,0.2791471619354182,-0.013804970934743562,-0.03977210473843654,-0.1912691125233242,-0.006402708364456545,0.7181342671984362,0.30788712411308805,-0.08964452946219621,0.39753165357528425,32.60543022904613,-210.70513987701295,0.19166666666666668,33.94477234619216,0.13055555555555556,29.181956739582347,74729.49975972569,3372758.9900178458,148769.20084018825,3499885.5706825056,79521.20348580659,2657606.6369319162,10861.190257142129,0.013888888888888888,-0.2,0.1388888888888889,0.6666666666666666,0.2,6.6776427966675245,7.226636589748087,9.238573615576408,1.0822137107056007,1.3835082074451355,1.2784057287013038,0.044444444444444446,0.013888888888888888,0.058333333333333334,9.238573615576408,185.54177504470948,62.41646831246548,77.55273952608253,1907.5546264659922,3045.09400132309,0.9998498213765488,000009_000123_63_140_R_001_746.c3d,0.5258441531920991,-0.010407422127531277,-0.00862702845565777,-0.024854458654191065,-0.11952825429529074,-0.004001192578713002,0.44877781977155123,-0.14099014603779123,-0.2396760676119338,-0.2851077313386381,-0.41412123817524976,-0.7822875653201925,-0.8914068862014899,-0.41412123817524976,0.174445170563316,0.1924054018954431,-0.056020828310333844,0.24842623020577695,-131.67425314149042,24.800049600099204
000010,000111,67,173,L,1,81.7,142.55948547904623,55.744547954078165,86.81493752496806,1513.5619609088974,60.09772768735739,602.3960328495667,41.677280747459115,41.4798840455733,1268.9501506733036,169.43434234351093,130.25562525449592,,,,,,,,,,,,,,,,,,,,,,,,,,,,,,,,,,227446.4441567356,5589156.193428932,209410.79600116928,7287702.442450431,47544.68265183017,2199294.3891781764,11331.278614883271,0.03888888888888889,0.05,-0.002777777777777778,0.6666666666666666,0.08888888888888889,6.06928621890155,10.414797489856015,9.995759376313037,1.7159839088526192,1.6469415044529108,0.9597651213140611,-0.04722222222222222,0.03611111111111111,-0.011111111111111112,9.995759376313037,166.8735956562486,18.750915516504634,62.396105741556234,1675.8240884189274,2706.840787104753,0.9868952044613397,000010_000111_67_173_L_001_817.c3d,,,,,,,,,,,,,,,,,,,,27.095808257109944
000019,000174,70,169,R,3,81.1,124.18135021508895,46.28586031707323,77.89548989801573,758.511263502755,41.84855406218757,351.4404375770941,47.86043704475395,47.814159537745034,773.9847160970652,153.17823799795556,118.69277948780329,,,,,,,,,,,,,,,,,,,,,,,,,,,,,,,,,,55572.54834827325,2349244.557411347,256925.70341333112,3835809.2291504284,52745.90800238012,2258017.0193971903,9776.212492909546,0.175,0.09722222222222222,-0.09722222222222222,0.6666666666666666,0.2722222222222222,8.174175694849943,8.171632863486003,8.861915266296444,0.9996889189248108,1.0841356483051625,1.0844730073342976,0.0,-0.005555555555555556,-0.005555555555555556,8.861915266296444,158.06556885425067,41.59684685362091,38.80778681012444,969.2719890408987,2088.6088164257662,0.9988768256173213,000019_000174_70_169_R_003_811.c3d,,,,,,,,,,,,,,,,,,,,24.24913421255414
000022,000121,71,189,R,1,95.6,132.81405815397753,28.850087208440712,103.96397094553681,1319.5203566586065,85.03461638115718,993.7520842839714,39.59515019518865,39.38484946185174,794.7256868586447,168.85209303020676,131.41726828891302,485.0,1.3472222222222223,0.24950928967010155,0.21567524486058898,0.033834044809512576,0.6766808961902515,152.56890196050546,329.25412749626844,16.223895643353615,0.1111111111111111,0.9729801646095976,-0.0818613178778769,0.06289245339127769,-0.11206282738239622,-0.6269050108867646,-1.0534810875829106,-1.137637955112466,-0.6269050108867646,0.6897974642780423,0.08430901477487175,0.026143110043142077,-0.3317833779467395,-0.03233688298133851,0.9571098700200641,1.2883256310074063,0.8821452155078722,0.4061804154995341,39.31271878132524,68.25606759396706,0.075,31.698815627049786,0.14444444444444443,48.410585279494114,80633.32868975034,3234659.332453461,165775.7029984372,2900373.922968137,248834.45527530205,7133397.821238407,11238.019211489962,0.1388888888888889,-0.225,0.29444444444444445,0.6666666666666666,0.29444444444444445,11.03348421856553,8.482328925393846,11.224147778200942,0.7687806278927762,1.017280448846303,1.3232389214003264,-0.05555555555555555,0.013888888888888888,-0.041666666666666664,11.224147778200942,213.5144595427745,85.04275273333889,84.30261683570575,2414.0750610418436,2569.253996554136,0.9999994085254679,000022_000121_71_189_R_001_956.c3d,0.5395254322998767,-0.04539276803697289,0.046750035918194384,0.014496567618466275,-0.18397658752730373,-0.01793106519981064,0.530725224586927,0.37522507274606387,0.034874378058820946,-0.0621397512378819,-0.3476239386086086,-0.584163850273323,-0.6308295193037962,-0.3476239386086086,0.3824983166674295,0.7143870638834459,0.4891567126027904,0.2252303512806555,37.8485458544788,26.36032250838555
000024,000125,71,209,L,1,85.2,151.44117586861543,54.888683203343554,96.55249266527187,1466.7868955352383,53.82645106301326,641.3388639190623,52.27526537877352,52.225200754281936,1241.9566702910486,148.27501364736779,119.12022320996542,,,,,,,,,,,,,,,,,,,,,,,,,,,,,,,,,,95393.77989043896,4018772.137055184,202590.71510178858,4684435.842907413,46376.0861077575,1844147.9138533224,9859.594810523971,-0.011111111111111112,0.09444444444444444,-0.04722222222222222,0.3333333333333333,0.09444444444444444,6.86372175569433,8.88484407440097,8.912473929053268,1.2944644888947985,1.298489980550164,1.003109773724888,0.0,0.005555555555555556,0.005555555555555556,8.912473929053268,29.21301308847859,56.85401675160531,72.38564541541018,1608.1489893853436,2330.810335250502,0.9999149362938761,000024_000125_71_209_L_001_852.c3d,,,,,,,,,,,,,,,,,,,,29.149774625675025
000026,000297,68,178,R,3,93.4,155.53551408965885,19.012484141360552,136.5230299482983,1065.1927742117036,80.61349562726986,484.0285894231238,43.02190445798332,43.01740891003056,695.7671669375976,178.60958897334385,113.89472749901073,671.0,1.863888888888889,0.3418614496333965,0.23185028014456957,0.11001116948882692,2.200223389776538,142.5261225381946,436.0997352122621,36.083466435149234,0.19166666666666668,0.8537043155452837,-0.15159688591013262,1.3082482987920403,1.1256652545121688,0.9593544989367523,0.5429110481167654,0.0758905308171626,0.9593544989367523,0.348893799855288,0.11262548884556234,0.04391830456488033,-0.3573534150997072,-0.05547757480575484,0.8537039131059913,0.8364142077094114,0.8768663190755368,-0.040452111366125365,4.251780449440228,222.78855756089422,0.2611111111111111,37.408961470132056,0.2,68.66414288214798,60525.3663333571,2714953.384488193,170126.59261733817,3134461.157052552,44472.466834509425,2090377.524988201,11121.619689801313,0.3277777777777778,-0.025,-0.03611111111111111,0.3333333333333333,0.3277777777777778,5.634747074005715,8.950123166162305,11.067671420516232,1.588380640446334,1.964182469089651,1.2365943144067262,0.025,0.002777777777777778,0.027777777777777776,11.067671420516232,24.236967964894163,47.058288069382,66.7061792138671,2201.1965173709195,2678.747791675907,0.9760918533030482,000026_000297_68_178_R_003_934.c3d,0.4942706782916187,-0.08777031375065576,0.06520697594115467,0.025427457483140535,-0.20689753074323022,-0.03211994835905213,0.4942704452906388,1.273867177962331,0.7574388019870544,0.6517283780176986,0.5554391494538863,0.3143301575479188,0.04393847314564764,0.5554391494538863,0.20199965253316815,0.4842601943662642,0.5076808239205285,-0.02342062955426434,128.98828019968403,27.064984925817612
000030,000302,68,174,R,1,92.4,144.68529105403388,46.57606434138858,98.1092267126453,1384.5844519020034,74.45826430978403,582.389552267822,43.99639409784554,43.59195565566165,654.2407744950555,171.25804523910116,116.79885255210776,646.0,1.7944444444444445,0.11909958064001652,0.032921097701946574,0.08617848293806996,1.7235696587613991,146.89203351227542,403.0799586497784,24.366011726825747,0.12222222222222222,1.0735728526117791,-0.11424711833450164,1.1648016890294528,0.8247117243507548,0.3285486892612085,-0.5317107188643688,-0.7889471810295924,0.3285486892612085,0.8362529997682443,0.07998817745227033,0.029401409530787445,-0.33982855743018914,-0.07914355621437649,1.0711535390836484,1.08185509315781,0.9942502750541717,0.08760481810363818,32.289477222803995,-126.01326227140383,0.06666666666666667,58.54828050218399,0.10277777777777777,36.40938884810571,94790.19686030975,2701908.257005975,170077.31541475817,3618734.842237226,99069.658845335,2800206.691065456,12166.818388326039,0.1111111111111111,-0.16666666666666666,0.20277777777777778,0.6666666666666666,0.20277777777777778,8.260803003650617,9.151407183029198,11.541255332103708,1.1078108482898097,1.3971105868283498,1.2611454283780923,0.05,0.008333333333333333,0.058333333333333334,11.541255332103708,210.0339953618418,75.72058330802683,63.464252787801385,2241.6648816044103,2792.220515014577,0.9989723875926553,000030_000302_68_174_R_001_924.c3d,0.6215683491267828,-0.06614585359802087,0.04631089477319959,0.017022585416157622,-0.19675113329677466,-0.04582188294023651,0.620167634948847,0.9978981349938625,0.6743872678493822,0.4774847871414746,0.19022040832631343,-0.3078454833628815,-0.4567781270435343,0.19022040832631343,0.48416685952306876,0.626363532397991,0.5756428178868526,0.05072071451113837,-72.95811849896008,26.45678301737227
000031,000283,67,180,R,1,87.1,137.8957130121996,37.6003731997187,100.29533981248089,1113.8365592422979,103.44434235231209,906.9729304979295,61.37269998238456,61.13252352015456,670.1440445972854,179.29002143009086,94.10920328257276,507.0,1.4083333333333334,0.25759289947887637,0.11080370554186,0.14678919393701637,2.935783878740327,167.53648465178853,331.3619729848108,11.753536778302333,0.11666666666666667,1.025765563648844,-0.13971627997733974,0.2889894269135877,0.1828144628765803,-0.11891282117926016,-0.4848579538722101,-0.6026166608459971,-0.11891282117926016,0.40790224809284786,0.03916901936057109,-0.015341646838078921,-0.3615330340281162,-0.06751864067887854,1.02404790837267,1.125556523328834,1.06830007857892,0.05725644474991398,41.49034023269087,177.58147307691274,0.22777777777777777,45.50972801601243,0.11388888888888889,53.913615490494344,66155.14841775541,3031322.513598795,61961.569375104635,2743589.4954945375,143951.6403737378,2920358.139886566,15562.182294565158,0.25833333333333336,-0.03333333333333333,-0.08055555555555556,0.3333333333333333,0.25833333333333336,7.7293396615749375,7.71244664355236,10.051351321883132,0.9978144293352046,1.3004152698647298,1.3032636446549821,0.041666666666666664,0.022222222222222223,0.06388888888888888,10.051351321883132,222.06733389644393,56.42768456045644,74.85971444739492,2533.6854102849206,2611.361697206277,0.999853009804297,000031_000283_67_180_R_001_871.c3d,0.6027532986536868,-0.08209911856701124,0.023016229498513983,-0.009014952895803808,-0.21244155249037266,-0.03967483880531117,0.6017439818854565,1.7251051114939047,0.16981397750240199,0.10742417609388899,-0.06987473332898117,-0.2849088928617993,-0.35410545354683104,-0.06987473332898117,0.23968871083138316,0.6613917753724492,0.6277471374890822,0.03364463788336701,104.34920265419717,28.192170440923636
000034,000363,73,191,R,2,100.6,146.4371466463696,55.94280956469368,90.49433708167592,1536.1736616723776,58.90568718307103,1293.3864254656055,46.1060802796371,46.05017146196533,1124.5362277845875,145.32145017714987,109.33420985921805,,,,,,,,,,,,,,,,,,,,,,,,,,,,,,,,,,138785.82617215483,4516404.321124674,209668.99546669645,6377050.638289585,309178.00013780716,17301360.231576156,15269.229702693032,0.37222222222222223,-0.7972222222222223,0.6083333333333333,0.6666666666666666,0.7972222222222223,7.8839086777283915,11.657798065509287,12.793987628206818,1.4786825345202088,1.6227975425881238,1.0974617639036874,-0.002777777777777778,0.016666666666666666,0.013888888888888888,12.793987628206818,14.673976358276697,67.18570228837521,109.47242296065937,1381.5010407882742,2496.179475020899,0.9998136471481361,000034_000363_73_191_R_002_1006.c3d,,,,,,,,,,,,,,,,,,,,25.19957751493661
000037,000140,70,178,R,2,93.2,113.70255130448028,20.38429161522908,93.31825968925119,1179.6654554542524,94.72401631387179,884.9022338974771,34.684792388912676,34.67998928396657,991.2963901789734,178.36104145163134,106.26921202091503,462.0,1.2833333333333334,0.8354169175570357,-0.2906935314052568,1.1261104489622924,22.522208979245846,160.5153537605009,361.6728832752949,17.84568769113045,0.08055555555555556,1.0014846069867755,-0.08335048308070717,-0.04777056279167663,-0.5270360000606694,-0.9163481511409483,-1.16457331695844,-0.9388559983752827,-0.9163481511409483,0.8685775883492717,0.11210699519503539,0.05939692818457169,-0.29299848578110343,-0.11414150987139524,0.957856770775125,1.5895057471630851,0.9790149833344457,0.6104907638286394,33.161811720610814,101.17417229694965,0.08888888888888889,38.63165537467561,0.08888888888888889,65.48824473497328,82262.43774208977,2537840.7865242464,208318.6112279172,4330995.3381480295,134737.54590023085,3616021.74329334,19014.32972763615,0.1388888888888889,-0.1,0.1,0.6666666666666666,0.1388888888888889,8.33843999823609,9.202192801127929,11.301009653768787,1.1035868583421546,1.3552906366369966,1.2280779046906736,0.016666666666666666,0.011111111111111112,0.027777777777777776,11.301009653768787,24.764499670441964,34.42924013866772,54.62739129461671,1799.9063907451477,2840.8180154926613,0.9994634266996275,000037_000140_70_178_R_002_932.c3d,0.5632646833446432,-0.04687878688453721,0.06305230325929999,0.03340659627928667,-0.16479104937069936,-0.06419657473081847,0.5387270926744235,12.667159155931296,-0.0268675831224278,-0.29642069744694566,-0.5153814123402408,-0.6549906169620022,-0.5280404940243435,-0.5153814123402408,0.4885138292178131,0.8939852346249073,0.5506270997381584,0.3433581348867488,56.90335899715953,25.54050822387359
000044,000265,67,171,L,1,92.9,145.40504086538542,44.56834496978028,100.83669589560515,1132.3992932244971,57.14311427239404,497.45993740472426,71.34953720743515,71.32638466877681,923.2535561114821,151.77252634171688,115.82659401467428,,,,,,,,,,,,,,,,,,,,,,,,,,,,,,,,,,128718.90879822707,4152170.1721541914,261709.1274312107,4643415.270577507,98104.31343322575,3428408.6937246695,9981.622420627189,0.10555555555555556,0.19444444444444445,-0.15833333333333333,0.6666666666666666,0.3,7.436366655880053,9.10262133314425,10.406286456016955,1.2240683864003212,1.399377806067233,1.143218648250898,0.008333333333333333,0.002777777777777778,0.011111111111111112,10.406286456016955,228.8439717048682,87.96938479689238,127.37947501100248,1961.6791860484232,1961.6791860484232,0.9996802115622686,000044_000265_67_171_L_001_929.c3d,,,,,,,,,,,,,,,,,,,,26.78256191887746
000049,000504,67,187,L,1,98.5,141.47730249856076,41.85203457466985,99.6252679238909,1375.0020819751192,84.8688421485847,735.7184360415487,56.420220429454126,56.418635519231344,769.4251352121012,174.63288372500762,120.0810899654715,,,,,,,,,,,,,,,,,,,,,,,,,,,,,,,,,,288340.62049371435,8392126.771420443,69427.24198934228,4260450.853138445,123667.44087655959,4984608.67717482,14484.30079190985,0.23055555555555557,-0.20555555555555555,0.125,0.6666666666666666,0.23055555555555557,8.49159938031147,8.434087986771532,10.97953286782013,0.9932272601468596,1.292987619420336,1.3018044019745831,0.025,0.03333333333333333,0.058333333333333334,10.97953286782013,249.90320871889472,85.11822138076496,74.8556017298466,2783.849644932518,2844.486922627032,0.9954528483445588,000049_000504_67_187_L_001_985.c3d,,,,,,,,,,,,,,,,,,,,29.288532624737336
000050,000474,72,191,R,1,90.3,135.2040256040656,25.258158698217077,109.94586690584853,992.7156461790596,76.85169577264018,1071.5837324725442,44.04612999667872,43.97966852083688,822.600622454857,174.41146330554,119.19825954302219,817.0,2.2694444444444444,0.06000306411045578,-0.32693639024465915,0.3869394543551149,7.7387890871022975,164.34109466991143,365.04896795476895,10.00758739728488,0.05277777777777778,0.9821038998412916,-0.13015994746983708,-0.49448383591385936,-0.6484931475789475,-0.964627285454679,-1.3366537903816804,-1.0510161333213572,-0.964627285454679,0.47014344954081966,0.08335363655937608,0.04556378989261648,-0.3681593205140231,-0.18254891187428915,0.9481561806178946,0.2913770732417798,-0.003184633420978773,0.2945617066627586,36.62753899865243,-284.0920642687624,0.03333333333333333,51.96195841601188,0.058333333333333334,34.297578721152966,62491.26967820899,2216668.1597750993,135725.41219158765,3416614.708942087,185625.5693516964,4968899.259283906,17718.367303444065,0.7888888888888889,-0.1361111111111111,0.16111111111111112,0.6666666666666666,0.8138888888888889,6.340658836456316,9.042279474620484,11.125217350850685,1.426078852032048,1.7545838118406596,1.230355396786453,0.044444444444444446,0.016666666666666666,0.06111111111111111,11.125217350850685,57.984524101017065,94.2659499905475,95.20409181830203,2588.5673324442155,2660.1457621870954,0.9999942205010162,000050_000474_72_191_R_001_903.c3d,0.5370209426078804,-0.07117232473197566,0.04557832270307091,0.02491458327461531,-0.20131196441055507,-0.09981895881140046,0.5184581040124095,4.231621329342901,-0.2703870493842188,-0.35460036503660736,-0.5274646136563206,-0.7308911802174543,-0.5747026100838568,-0.5274646136563206,0.25707756427210177,0.15932692106396534,-0.001741378729756547,0.1610682997937219,-155.34342971826464,25.90442680885362
000051,000160,64,155,R,4,75.2,149.69042751849005,66.18438846830361,83.50603905018644,1375.4541598365317,52.25782695693898,674.1340760766582,43.35802225570045,43.335966956870884,774.9008596166415,152.72598318665777,114.34421507605327,,,,,,,,,,,,,,,,,,,,,,,,,,,,,,,,,,183772.4749620965,3184905.8074627104,106027.80313458956,2832012.2693015416,59698.02777351471,1862445.2393166614,8944.284744365517,0.09722222222222222,0.06666666666666667,-0.013888888888888888,0.6666666666666666,0.1638888888888889,4.663831381770025,6.799105988068933,7.985212421679958,1.4578370081399736,1.7121571875202308,1.1744503521039977,0.016666666666666666,0.008333333333333333,0.025,7.985212421679958,134.00629361018693,47.428088476378,67.65527659702362,1506.3358005796904,1619.140343632781,0.997371762616529,000051_000160_64_155_R_004_752.c3d,,,,,,,,,,,,,,,,,,,,26.60586375860252
000053,000263,71,181,L,1,90.0,154.14626324429773,32.50995994048959,121.63630330380815,1780.977176791044,77.55593800739344,497.6004842899954,52.5630515831794,52.5252793554184,909.8129749316272,173.1438680548248,118.67735874412482,647.0,1.7972222222222223,0.29958468794578014,0.036529354705161624,0.2630553332406185,5.26110666481237,153.49158700721213,324.40668943530795,19.65228104761266,0.1,0.9533943026062969,-0.051682224462206564,0.7094823373236355,0.2578629002973497,-0.19417261862166363,-0.47474536350962837,-0.3530941349425864,-0.19417261862166363,0.9036549559452991,0.0039876479216638325,-0.009077487740304722,-0.27608591804855603,-0.07797834299164516,0.9331085083140929,1.331441486795929,1.2162361360865652,0.11520535070936377,50.43953625962588,172.1491225075519,0.07777777777777778,52.61976162007898,0.125,56.49204962958063,142556.33354109584,4094177.59708479,127180.27159686763,3130124.1478906474,47286.783746679845,2413783.7746614786,12026.430070605284,0.1361111111111111,-0.06111111111111111,0.10833333333333334,0.6666666666666666,0.18333333333333332,8.027759346734818,8.662686917315645,11.92846095951139,1.0790915052578245,1.4859016625060055,1.3769931977649874,-0.002777777777777778,0.03611111111111111,0.03333333333333333,11.92846095951139,217.57638514273535,66.01031816299603,103.19482233202717,2776.753902123908,2960.014152358512,0.9849119179982463,000053_000263_71_181_L_001_900.c3d,0.5286649121694006,-0.02865821474005022,0.0022111832769567664,-0.005033540945050861,-0.15309189200873685,-0.043239626811381375,0.5174162738793906,2.9173265303384555,0.39341373922792255,0.14298708012495825,-0.10767029977911924,-0.26325017384364446,-0.19579357599123123,-0.10767029977911924,0.5010840390070418,0.738295157367156,0.674412851328915,0.06388230603824098,95.45809166438501,25.24454166146976
000054,000164,76,226,L,1,96.5,123.53868567722068,37.54554252200363,85.99314315521706,1512.9828747733302,86.07535195934469,1412.121637970271,41.708740305147565,41.707977164264925,946.4083492701081,172.9077540517082,131.59337757447167,584.0,1.6222222222222222,0.5923685979964202,-0.5292900317021966,1.1216586296986168,22.433172593972337,167.21494283832035,382.7775408937424,5.6928112133878415,0.025,1.0432772461830293,-0.147038222059306,0.3061889119179091,-0.695991517484184,-1.1622985122362046,-0.7096970283167938,-0.20640007281339343,-1.1622985122362046,1.4684874241541137,0.0286411939099608,-0.015192724559439767,-0.3630489496827124,-0.19152214043085147,1.0360359550687976,1.1596464728901448,0.7927409981172121,0.36690547477293267,38.94098018142192,114.60098328349048,0.04722222222222222,39.14113562036232,0.08611111111111111,60.56021354426364,81462.71420166102,2835047.6309408057,235839.5892487524,4032712.2940842225,273508.27956178674,7078660.342259893,12337.763819124553,0.1111111111111111,-1.0888888888888888,1.1277777777777778,0.6666666666666666,1.1277777777777778,8.761661656124174,8.263696785174886,11.748576429042002,0.943165475854546,1.3409073404278344,1.4217095247394613,0.10833333333333334,-0.058333333333333334,0.05,11.748576429042002,79.31870340801588,75.65789031414383,105.61878184484479,3124.8056497615175,3124.8056497615175,0.9794742587124443,000054_000164_76_226_L_001_965.c3d,0.5404461490794806,-0.0761698207932584,0.014836921834832574,-0.007870246870824578,-0.1880692859939455,-0.09921370722692265,0.5366949622196424,11.620996992318865,0.15861423120488455,-0.3605426427083423,-0.6021024203461482,-0.3676424721906309,-0.10692088313996759,-0.6021024203461482,0.7607166515510329,0.6007285914267223,0.4106615199529694,0.19006707147375296,59.36644388908542,27.50976416080256
000056,000167,72,194,R,1,95.8,152.6577864629626,25.271800919322022,127.38598554364059,1404.122085380568,70.3612711509863,421.93052175559757,52.54116966710764,52.41385862761551,856.2646405070687,177.83155467801285,131.99083557790445,237.0,0.6583333333333333,0.5642524894695302,0.32313392223318926,0.24111856723634095,4.822371344726819,155.30435331552968,542.3094236814461,22.52720136248317,0.07222222222222222,0.9575627435990025,-0.11710537309452858,0.5542294247882534,0.2023928297403268,-0.2675637994413265,-0.8479091424849999,-0.6466352099899153,-0.2675637994413265,0.82179322422958,-0.09576293667551704,-0.08986297198417822,-0.3435032653181555,-0.09516286001118074,0.9574361749203382,1.2169041406322314,0.8938112102452552,0.3230929303869762,39.297090797581504,117.74749975228204,0.12222222222222222,49.713363994134,0.10833333333333334,38.73605512138819,73753.73267883429,3283503.911400122,275921.95595911826,4933645.380460792,46232.385583049014,2166519.607807049,13614.288522624467,0.0,-0.15,0.1361111111111111,0.3333333333333333,0.15,7.388413819291362,8.076112214669878,11.213829725219231,1.0930779477433865,1.5177587503206165,1.3885183151430012,-0.09166666666666666,0.002777777777777778,-0.08888888888888889,11.213829725219231,13.828705975904398,40.05955002796419,46.65148137972757,2423.5657432941593,2936.078134849223,0.9928787242455014,000056_000167_72_194_R_001_958.c3d,0.523601675196305,-0.06403399666148762,-0.052363810518108615,-0.04913767059502309,-0.1878298694871804,-0.052035684608038466,0.5235324666012348,2.636904716057972,0.3030563346392462,0.11066974504611045,-0.14630566461139902,-0.46364235700185913,-0.3535844324091838,-0.14630566461139902,0.44936199925064524,0.6654112754988142,0.488741912863766,0.1766693626350482,64.38511578755579,26.311302622605247
000057,000378,70,193,R,3,89.6,140.89038877684436,48.16535618913643,92.72503258770793,3185.4426504993817,52.8409891310328,578.4213405022251,52.371253242022185,52.00223423242503,928.4000200430797,159.90292345075673,110.93945481652699,,,,,,,,,,,,,,,,,,,,,,,,,,,,,,,,,,1087652.6202332887,21010232.74626862,163461.49739204708,4760689.191793063,103998.11061765777,4245414.382624943,13703.086093810363,0.15,0.06111111111111111,0.2777777777777778,1.0,0.4888888888888889,7.3757438025349265,15.086303802620986,10.836932256507632,2.0453942282317428,1.4692663610120447,0.7183291811096169,0.37777777777777777,-0.36944444444444446,0.008333333333333333,10.836932256507632,230.1014446836202,76.44949342244054,87.20586315179284,1557.9882167137985,2377.8768144593614,0.9952245829070971,000057_000378_70_193_R_003_896.c3d,,,,,,,,,,,,,,,,,,,,27.69279824273934
000058,000358,68,207,L,1,99.8,148.46391186729284,34.82783250895506,113.63607935833778,1414.556345921168,66.14570034061506,836.2018821220943,47.58459235345247,47.56085363788517,716.3077137997216,178.47598378579693,110.58926892268092,464.0,1.288888888888889,0.6062338890542635,0.2256159684853711,0.3806179205688923,7.612358411377846,137.62054944415758,583.9524139392472,40.85543434163935,0.15555555555555556,0.9858764009423285,-0.1456859358140707,1.0403351047550062,0.949236141193391,0.7309327071599704,0.14291176625166352,-0.3817416702168028,0.7309327071599704,0.30940239759503585,0.16659718494148193,0.07292368021104342,-0.3305947226579421,-0.07388572545065837,0.9780065386325302,0.9070747011187473,0.6284280241558993,0.27864667696284806,18.739721251104925,441.20849730281265,0.2722222222222222,40.38059853220035,0.20833333333333334,65.92089287447041,89443.55388567538,3580173.2366599613,130538.05494232212,3908863.7612126498,162928.94239614494,4853993.966069139,12480.542608624326,0.09444444444444444,-0.2111111111111111,0.14722222222222223,0.6666666666666666,0.2111111111111111,7.274317319392473,9.904381974553408,12.765808103193724,1.361554842837209,1.7549149346511985,1.2889050660598476,0.05,0.005555555555555556,0.05555555555555555,12.765808103193724,40.96065056590135,95.9606277655201,52.16289766276734,2839.506866555147,2865.1538910970244,0.9614313055520007,000058_000358_68_207_L_001_998.c3d,0.5707945813700375,-0.08434804065196312,0.09645506307404003,0.04222075046957123,-0.1914050038547604,-0.04277774748185409,0.5662381534463469,4.407340441974205,0.6023246322110968,0.5495809062027507,0.42318938580359566,0.0827418748562202,-0.22101764139462876,0.42318938580359566,0.1791352464075011,0.525170623621322,0.36384207049322564,0.16132855312809638,255.44725411232787,31.474448762046322
000059,000017,67,179,R,3,96.5,149.5304944036962,35.95697970419556,113.57351469950063,1278.6010653465883,70.71462725965266,600.3363602471551,50.23686465907548,50.2366601949926,853.3156866584375,173.06792071735802,118.37736645440268,365.0,1.0138888888888888,0.24168097556840654,0.2943325191803101,-0.05265154361190358,-1.0530308722380715,152.7930444134543,463.5160415340408,20.27487630390371,0.08333333333333333,0.9726337713713363,-0.11705240278793132,0.22372006013238055,-0.07554731603965073,-0.6381408563654417,-1.3065403694686168,-1.162338000870447,-0.6381408563654417,0.8618609164978223,0.044397817715089674,-0.013924519687181232,-0.36866614715156965,-0.05041582989746886,0.9590735009949547,0.7579794484831041,0.3583263393568881,0.39965310912621593,39.811627979238004,-51.247177631927485,0.027777777777777776,41.33952976382106,0.11944444444444445,27.19511614992599,91335.43564617791,4472115.411120202,137932.75349289036,3869382.950576033,66568.33639407763,3111037.3540669465,17398.65191512416,0.10833333333333334,-0.044444444444444446,0.1361111111111111,0.6666666666666666,0.2,7.45445324547569,9.99833494772046,12.7936115998532,1.341256644649119,1.7162374192390286,1.2795742157818029,0.03888888888888889,0.011111111111111112,0.05,12.7936115998532,14.15438962753992,78.53948864184879,79.75926747523178,2411.346167665293,3523.637378332053,0.9996078042368276,000059_000017_67_179_R_003_965.c3d,0.5715323606600872,-0.0687815270818729,0.02608873999006327,-0.00818223039557012,-0.21663306331623555,-0.029625002877816935,0.5635641679368637,-0.6187747515795461,0.13146084153976997,-0.04439259374759122,-0.3749799367525219,-0.7677402570622969,-0.6830050539842796,-0.3749799367525219,0.5064407782922918,0.4453986652268798,0.21055725664407576,0.23484140858280406,-30.113513710146602,28.035547271807395
000064,000178,71,175,R,3,76.9,159.31947683214676,72.96280453915121,86.35667229299555,1449.338948759427,57.924262285866824,600.6309539146083,54.828226196342186,54.53293594443095,1160.202128687599,153.32450600499078,136.9075873721073,,,,,,,,,,,,,,,,,,,,,,,,,,,,,,,,,,126832.27851154399,4037033.8172274865,265635.98407593515,7099705.326511469,75221.27167833215,2608481.8343234234,7653.855012134567,0.03611111111111111,-0.016666666666666666,-0.025,0.3333333333333333,0.041666666666666664,4.727223420199222,7.418656454486265,9.468112546359965,1.5693475418967224,2.0028908525675195,1.2762570425584727,0.002777777777777778,0.013888888888888888,0.016666666666666666,9.468112546359965,11.212837799536857,55.73251320176446,74.50493454144829,1668.3707492098463,2058.4908705920225,0.9836534088694332,000064_000178_71_175_R_003_769.c3d,,,,,,,,,,,,,,,,,,,,24.407706026282913
000065,000179,72,205,R,1,101.2,145.17945342605188,23.00446776950193,122.17498565654995,1475.5945090777734,88.34060554993732,559.271163978429,53.13774464030738,52.142455128277454,916.4891104800055,174.21752396733876,124.17488217360392,636.0,1.7666666666666666,0.9059619883330653,0.0758423613700104,0.8301196269630549,16.602392539261096,145.24199772650277,546.0137328759203,28.97552624083599,0.1111111111111111,0.9793332788382625,-0.10284730083756284,0.8929791808218857,1.1499517737701426,0.9045523831603253,0.1172918181946692,-0.6539753512656162,0.9045523831603253,-0.011573202338439614,0.14935351730102012,0.0477767625586066,-0.3137864360775601,0.031828120550783226,0.9792797062292612,1.466553132096567,1.5478118717863936,-0.08125873968982655,41.34866524995033,311.84351530137644,0.13055555555555556,33.79750594729407,0.19722222222222222,76.59628819402171,97776.18144834155,3536336.95045259,197415.66090120803,3100393.7805528366,49732.41791630502,1980468.5432171891,11200.723501015376,0.14444444444444443,-0.07222222222222222,0.1388888888888889,0.6666666666666666,0.2111111111111111,8.702162421754437,9.55313548705305,11.936624761664039,1.097788690219258,1.3716848965980921,1.249498112723433,0.016666666666666666,0.011111111111111112,0.027777777777777776,11.936624761664039,216.124416060795,44.47417255347659,60.83270656717094,2304.8863668689673,3433.58984187909,0.9980378017495872,000065_000179_72_205_R_001_1012.c3d,0.5355059486210971,-0.0562375879470488,0.08166749633695326,0.026124651442807633,-0.17158050966620741,0.017403827947716114,0.5354766547622819,9.07829863257934,0.48828695364276337,0.6288012761210316,0.4946152576335987,0.06413594608194947,-0.3575980704645758,0.4946152576335987,-0.00632830399083531,0.8019210039898114,0.8463538231552896,-0.04443281916547821,170.51810766698188,27.803180606361213
000067,000180,71,179,R,7,89.9,152.3750048876174,26.56869945380233,125.80630543381506,1058.6716297599332,69.5189631668037,420.0194690952311,57.0055291694084,56.99523571290548,859.5102205040729,172.08469097863792,114.63169886850497,394.0,1.0944444444444446,0.2937928866419799,0.11976356371715778,0.1740293229248221,3.480586458496442,140.89038254716334,427.21816091321386,31.19430843147458,0.16666666666666666,1.0153660983723503,-0.07061107433252528,0.299695380785386,0.15165996822879751,0.025657986443521814,-0.4162447735703305,-0.8749216279831804,0.025657986443521814,0.2740373943418642,0.04536374206995326,-0.015255143162584073,-0.34430393669176546,-0.013077998833830807,0.9966543312821488,0.9419000362357961,0.797276052147535,0.14462398408826105,31.1920781359521,108.8105914551354,0.19444444444444445,43.6651551263151,0.08333333333333333,31.637391644633524,60563.299222190755,3028278.901837227,146930.80402691127,3931511.4328638646,27656.0571755588,2059879.218954388,13676.620202669752,0.16666666666666666,-0.2388888888888889,0.12777777777777777,0.6666666666666666,0.2388888888888889,6.756992145769345,7.861892406087157,10.72542102030032,1.163519541902917,1.5873070130791358,1.3642289243231114,0.013888888888888888,0.013888888888888888,0.027777777777777776,10.72542102030032,32.32897068120497,34.17392404549723,42.52690945414397,2064.004273335073,2064.004273335073,0.9889087660008218,000067_000180_71_179_R_007_899.c3d,0.5630287780705059,-0.03915441628730469,0.025154564749890907,-0.008459101232440987,-0.1909193394098733,-0.007251856955656431,0.5526529506943267,1.930013562435645,0.16618353154341023,0.08409668860419071,0.01422756262810348,-0.23081111986821035,-0.4851511744389378,0.01422756262810348,0.15195596891530677,0.5222912477740912,0.4420960697280332,0.08019517804605804,60.33635990636321,24.96559644974081
000068,000181,69,152,R,3,86.3,114.77853163779595,66.97481084134063,47.80372079645532,1014.4924385698943,38.07803153305119,680.3285800721094,45.83513764992968,45.349385872497244,665.7669312582998,152.65849872278824,106.90921239412997,,,,,,,,,,,,,,,,,,,,,,,,,,,,,,,,,,149011.37217187783,3508912.876089317,163944.21277916286,5003603.737392938,88949.72111981882,2078172.0115234111,13308.180847195552,0.18611111111111112,0.03333333333333333,-0.044444444444444446,0.6666666666666666,0.21944444444444444,8.287101416322288,11.047813991428544,11.74239060753287,1.3331336780395557,1.416947858801998,1.0628700498255323,-0.016666666666666666,0.002777777777777778,-0.013888888888888888,11.74239060753287,7.117299233071961,68.7433347669468,107.25456684795684,1844.2751310609046,2326.8216801533586,0.9638677320876821,000068_000181_69_152_R_003_863.c3d,,,,,,,,,,,,,,,,,,,,22.44662334315217
000070,000451,68,184,R,2,82.6,156.7949576420289,25.504610749937935,131.29034689209095,1675.0582976895817,95.30093233069537,708.7920416832841,41.70345031683521,41.60643491960918,706.4019302963993,179.39793747444992,128.06770024305106,499.0,1.386111111111111,0.8809403400980048,0.16632748562854371,0.7146128544694611,14.29225708938922,158.24222530524523,523.4398644837978,21.15571216920469,0.08888888888888889,0.9784247523680498,-0.16297593332058583,0.5842246838357408,0.29097548087822406,0.1233816308570689,-0.3851733494375143,-0.499015099548856,0.1233816308570689,0.4608430529786719,-0.014183834195301977,-0.07393123180333765,-0.36248643133216235,-0.06452250968920904,0.9055312058659075,1.4632757663873504,0.847627317492122,0.6156484488952284,39.838615063832606,76.8631141442269,0.19166666666666668,54.428544043974526,0.1361111111111111,66.00690645571174,104824.26126087409,3244641.2788669905,40222.276904646234,2154238.019233241,39825.251841296384,2308282.126445111,14628.648027902367,0.225,-0.18055555555555555,0.125,0.6666666666666666,0.225,9.555468706782046,7.474472321129598,10.76284972308115,0.7822193291077968,1.1263549757053946,1.439947766299921,0.03611111111111111,0.03888888888888889,0.075,10.76284972308115,79.97135529670736,82.57464776116237,84.06092955175795,2738.8176825575147,2806.1045359142386,0.996924226738069,000070_000451_68_184_R_002_826.c3d,0.5664802873830767,-0.09435846069973705,-0.00821203925156437,-0.042804094374327036,-0.20986940211449884,-0.037356710102599035,0.5242769834795667,8.274813043879819,0.3382495853611283,0.1684665822592775,0.07143447826370362,-0.22300448670536957,-0.28891564355538213,0.07143447826370362,0.2668151070974247,0.8471953256063863,0.49075226811725453,0.3564430574891318,44.50157141282243,27.97728778848562
000071,000185,70,186,R,2,86.8,138.29192875449218,26.60056513335402,111.69136362113815,1533.9346774229314,68.73619920904092,695.4983542824675,52.579011009577606,52.30332067134063,700.4956594174625,170.69767686326182,120.11938436885617,340.0,0.9444444444444444,0.05742579502037337,-0.01650119237250251,0.07392698739287588,1.4785397478575175,152.88013991201444,367.66647465082826,17.817536951247376,0.1,0.9357835356089123,-0.04660000961211626,-0.1450503456554705,-0.5985043447846545,-1.004407582951803,-1.181060754120042,-1.0365053954398329,-1.004407582951803,0.8593572372963326,-0.03229468953084774,-0.06334954572894232,-0.27599758870993996,-0.062466770446783254,0.8999425179141912,1.2127368303491464,1.1339319684351739,0.07880486191397251,42.83186285494281,37.24904802267446,0.05277777777777778,39.3444565720702,0.10833333333333334,33.89036935438426,106305.25499848888,4058163.4954586825,84193.0175332617,3726946.5266583194,123657.29886005816,4541776.63003049,15615.7316943947,0.09444444444444444,-0.06944444444444445,0.125,0.6666666666666666,0.15,7.042753125150939,8.053649680538161,11.505251556937662,1.1435371277997988,1.6336298252242205,1.4285761131056371,0.12222222222222222,-0.06388888888888888,0.058333333333333334,11.505251556937662,198.4903341787767,29.238348115748423,22.427566316725773,2577.967528030129,2845.5585773453554,0.9993685715662178,000071_000185_70_186_R_002_868.c3d,0.5263124497237976,-0.02620922925315875,-0.018163492424548785,-0.035629665764309516,-0.15522923999434193,-0.03513316673047427,0.5061543970271042,0.8315746613371865,-0.08158062185347048,-0.33661661686426014,-0.5649086518289106,-0.6642636412373689,-0.5829614147580612,-0.5649086518289106,0.48332802997544017,0.6820792071704985,0.637757012618208,0.0443221945522905,20.94997076640858,26.688396233935325
000073,000254,75,186,R,1,94.0,161.43143243123964,37.95515440217017,123.47627802906948,1225.1181035538195,78.63441969687341,409.2676171679966,49.04065504415846,49.026137332383996,795.0105395699222,172.60757126230624,68.81942444831365,331.0,0.9194444444444444,1.1684698691795063,0.19244683191266335,0.976023037266843,19.52046074533686,163.81302468245562,420.39367030153016,8.794546579850618,0.06666666666666667,1.0461370939942107,-0.1771193460838812,1.239744370081987,1.3737224631526945,0.7990498633210702,-0.11321310455014193,-0.47626472757583904,0.7990498633210702,0.4406945067609168,0.03627464516345695,-0.024595621350232445,-0.3900581433216286,-0.14510807001033282,1.0405324672299476,1.3846033292141242,1.3012064238182153,0.08339690539590894,29.037114985553124,175.05675455156705,0.08055555555555556,38.80404637864806,0.10555555555555556,36.45387367427023,88871.69989988378,3524150.4776635002,200578.86160937767,4833071.320494794,24988.955151542068,1753225.896514414,19076.964848157742,0.1388888888888889,0.16111111111111112,-0.1361111111111111,0.6666666666666666,0.3,7.612909615453192,9.328120062470896,11.78883643231301,1.2253028780922417,1.5485322994487212,1.2637955293631054,-0.11666666666666667,0.027777777777777776,-0.08888888888888889,11.78883643231301,197.61849444958202,60.1369995028093,76.66644904132774,2104.090524118539,2825.54629103594,0.9993389664396435,000073_000254_75_186_R_001_940.c3d,0.549153330180688,-0.0929760346897014,0.019041808484754303,-0.012911087322956665,-0.20475493087749533,-0.07617221522852116,0.5462112688871116,10.246961021174204,0.6507844462372635,0.7211141538859289,0.41944874715016806,-0.05942945120742358,-0.25000773101093915,0.41944874715016806,0.23133569908709545,0.7268258946005901,0.6830479915056248,0.04377790309496532,91.89330947588822,23.248558497116996
000074,000396,70,185,R,3,91.3,160.7095037443187,30.57558216456349,130.13392157975522,1523.0912935105914,98.05507340475917,677.5898433264688,54.59511431680909,54.01603551100977,770.7560925636,171.83626044748465,127.88799370792988,523.0,1.4527777777777777,0.28887179495179605,0.08726175910830561,0.20161003584349044,4.032200716869808,154.81063113045275,376.8947042870775,17.0256293170319,0.09722222222222222,0.923427210517269,-0.10478956575444197,0.556634389911972,0.2388017472511783,-0.12349371827440261,-0.9285819034398866,-1.5707900011699911,-0.12349371827440261,0.6801281081863746,0.00976664514307968,-0.03225052811736164,-0.36218635040204544,-0.00229163556941374,0.9233365211561596,1.495359905094762,0.7534814984518975,0.7418784066428644,50.92903387977534,115.08442775331275,0.11944444444444445,38.509027910596025,0.14444444444444443,70.84830781873019,93319.37233533629,3647918.0238559605,197030.34165546854,3462964.309917502,52448.95127626069,2338167.481787787,13607.916884395272,0.1361111111111111,-0.075,0.1,0.6666666666666666,0.16111111111111112,7.949348166006851,8.19877897525208,10.942011724185809,1.0313775172550437,1.3764665348256153,1.3345904014749201,0.030555555555555555,0.0,0.030555555555555555,10.942011724185809,8.531359728794286,25.1121209634951,43.41260011002543,1992.5220864603994,3001.7729813988412,0.9321237816777489,000074_000396_70_185_R_003_913.c3d,0.5193628855552693,-0.05893676364141843,0.005493051261574623,-0.018138654734174153,-0.20370435905626852,-0.001288883897308065,0.5193118791654441,2.267829424561197,0.31306771086162655,0.13430919417951537,-0.06945653446254366,-0.5222620379301949,-0.8834589432902087,-0.06945653446254366,0.3825242453241702,0.8410348172636456,0.4237803703329007,0.41725444693074487,64.72689974876982,26.544910232677605
000076,000190,70,223,R,1,81.2,139.52286126499152,25.020565008329317,114.5022962566622,1044.679793346342,91.73999850502636,765.8264317214952,52.374301450072615,52.36274704226299,923.2377610275233,174.22495438241828,108.82452681104175,449.0,1.2472222222222222,0.043862054887845205,-0.08512970950642978,0.12899176439427498,2.5798352878854995,158.1172698960846,306.27276621677936,13.957666493368748,0.19722222222222222,0.9464697051555869,-0.07313696087929203,0.5533228301023088,0.2078013129594538,-0.07481774441436115,-0.34642608882545645,-0.3648817923364645,-0.07481774441436115,0.6281405745166699,-0.00893139454058498,-0.033058101011947644,-0.2563328257491181,-0.11421333763185958,0.9386080331146068,1.2155563021594002,0.7950529910673724,0.4205033110920279,25.21701770486273,90.94744864082806,0.05277777777777778,36.361834780540285,0.125,39.44857563826826,79030.81485250533,3230724.402694467,180720.9224397807,6813131.518804996,70100.14660795972,3094572.841054061,11913.671517125304,0.0,0.5638888888888889,0.14722222222222223,0.6666666666666666,0.7111111111111111,7.773519710934781,7.2650859135236345,9.953126041758582,0.9345941328615984,1.2803886028304288,1.3699942657568962,0.027777777777777776,0.025,0.05277777777777778,9.953126041758582,35.16637633105173,38.80873185152922,41.66553468443959,2435.824699509618,2730.2683105526917,0.9999221446478932,000076_000190_70_223_R_001_812.c3d,0.5323226688164155,-0.04113439869476492,-0.00502328151888919,-0.01859285771200655,-0.1441691933347121,-0.06423697279632147,0.5279010309980916,1.4509759774384137,0.3112051912836382,0.11687362933602577,-0.04207972126791965,-0.1948403199243287,-0.20522035564480567,-0.04207972126791965,0.3532849125515579,0.683664961844432,0.4471614122988596,0.23650354954557248,51.15154591722613,31.997378280470844
000079,000300,76,214,R,1,87.9,150.1808732786517,32.09535149859813,118.08552178005357,1091.16816857864,78.45785945250462,610.853719624311,41.249159680941716,41.178123987074734,782.6095996361099,179.6639129474645,94.32495397833561,613.0,1.7027777777777777,0.0012193965560046427,-0.09676066642005915,0.09798006297606379,1.9596012595212757,161.0041809569441,187.95438246012452,10.39437098571625,0.11388888888888889,0.8638144624540102,-0.06158169880972671,-0.6238346932575487,-0.9789847404417257,-1.1652422903424817,-1.0266009958966325,-0.7863608164193199,-1.1652422903424817,0.541407597084933,-0.0031335900002627576,-0.008853888047880848,-0.28568841958809355,-0.1365096158756887,0.8347965169947201,1.0109125530953633,0.6017355531379023,0.40917699995746104,40.30782029362791,-141.6567633772297,0.06111111111111111,38.975608855256546,0.06944444444444445,37.70626700294588,63217.3512736715,3106914.799329126,98191.69786378506,3646231.919168118,77941.71263953584,2415776.4067605417,14127.8249398903,0.1638888888888889,0.08333333333333333,-0.075,0.6666666666666666,0.24722222222222223,7.1307000554217534,9.02128847017357,10.92010419996019,1.265133633452206,1.5314210547472409,1.2104816552607245,0.03611111111111111,-0.125,-0.08888888888888889,10.92010419996019,189.4795536618762,29.05085238859634,52.36886970990298,2145.7624961479387,2438.4371186083686,0.9944583711700472,000079_000300_76_214_R_001_879.c3d,0.4474795184697525,-0.03190100435646846,-0.0016232853296015116,-0.004586556178968529,-0.1479944154517683,-0.07071571481334889,0.4324474290275177,1.0151270511403212,-0.32316343413673265,-0.5071408725868866,-0.60362737792296,-0.5318073953049277,-0.40735641132372563,-0.60362737792296,0.28046394378622724,0.5236803528260274,0.3117154751025188,0.21196487772350864,-73.38207800312355,26.049068718636054
000080,000282,71,188,R,1,101.2,131.76621139572782,35.978484465782294,95.78772692994553,1243.1347276957663,95.17418066836598,759.8987066291746,39.49627380561031,39.34179520911701,776.8294530856839,176.25707260720884,127.31677365813331,590.0,1.6388888888888888,0.12453456359248652,0.3853463308155792,-0.2608117672230926,-5.216235344461852,143.66651952321178,579.9528443668851,32.590553083997065,0.08611111111111111,1.0567883572900258,-0.14717130097695758,0.4449522928839727,0.04497443954757697,-0.4344161512386293,-1.0706128515483757,-1.1023259955708729,-0.4344161512386293,0.879368444122602,0.0020093258577362056,-0.03144756134641755,-0.400049574255619,-0.059140969696165564,1.0558455623437084,0.7532250593284424,0.49560791147620814,0.2576171478522343,29.714116878733837,151.61104147400073,0.075,36.4167271952906,0.10833333333333334,65.42142372997056,110220.49788491876,2730986.321916056,163718.75260801357,2709453.416574758,43635.80859380131,2241848.969598373,11592.156843474591,0.15,-0.05277777777777778,0.08611111111111111,0.6666666666666666,0.18333333333333332,8.330165773307655,8.925080903504837,11.585710699529507,1.0714169617252358,1.3908139423411707,1.2981070787806364,0.013888888888888888,0.016666666666666666,0.030555555555555555,11.585710699529507,2.8268885240194663,50.898920176097704,64.10911475654383,2801.268697046654,3503.00600968586,0.982990930763678,000080_000282_71_188_R_001_1012.c3d,0.5859977582843662,-0.08160768602470754,0.001114187566671956,-0.017437929104146366,-0.22183074983676335,-0.03279414977052544,0.5854749708016571,-2.8924450174458536,0.24672967333036083,0.02493869332792335,-0.24088729690508448,-0.593663553037804,-0.6112487499006726,-0.24088729690508448,0.48761697023544526,0.4176694351383179,0.2748186267473706,0.14285080839094727,84.06955831984071,26.220849902521074
000082,000198,76,171,R,9,91.4,123.2607852811484,36.11595899145795,87.14482628969046,713.0786193764166,92.84790627392431,677.1173546215625,63.18510479534787,62.54334931820748,1131.7545196569881,173.87828520739995,130.80359755557382,,,,,,,,,,,,,,,,,,,,,,,,,,,,,,,,,,96039.4295041411,2639279.4820631025,114366.28585291009,3443656.212242189,49422.38949603697,2305043.343555078,13289.931232593064,0.002777777777777778,-0.07777777777777778,0.10555555555555556,0.6666666666666666,0.10555555555555556,8.599587346558643,7.159414987846896,11.42337048549227,0.8325300621211702,1.3283626324306876,1.59557317251248,0.027777777777777776,0.022222222222222223,0.05,11.42337048549227,216.04655753018739,101.00064087843393,134.68403674217595,2683.342273835374,2926.9747025973384,0.9997615476375211,000082_000198_76_171_R_009_914.c3d,,,,,,,,,,,,,,,,,,,,20.814910050872736
000083,000199,73,200,R,1,82.3,135.11795273244255,75.62456206219484,59.493390670247706,1583.956408923597,56.81930708931106,465.68139546041704,47.45546939679616,46.5390032366683,1476.840739509834,159.90856338868002,107.30350088134227,,,,,,,,,,,,,,,,,,,,,,,,,,,,,,,,,,117048.62327458296,3986291.2006408013,263840.05878477247,8019090.96553891,42378.35591506109,2193199.694047029,14434.059588086666,-0.002777777777777778,-0.13333333333333333,0.12222222222222222,0.3333333333333333,0.1361111111111111,8.491120394045168,9.862730681141455,9.993786095616448,1.1615346648550877,1.1769690726120314,1.0132879441517737,-0.016666666666666666,0.0,-0.016666666666666666,9.993786095616448,183.36636695219218,49.0004772273015,87.57354999248317,1659.8947324089245,2205.469150462398,0.9998628055585643,000083_000199_73_200_R_001_823.c3d,,,,,,,,,,,,,,,,,,,,26.386992162237284
000085,000200,71,186,L,1,98.5,167.61570812775804,21.038736351695977,146.57697177606207,2095.579162186277,82.05725088536454,541.6098108875624,41.74812774839085,41.73449590163393,713.2123031169699,173.98662888087873,106.35742251446796,430.0,1.1944444444444444,0.05263140172524946,-0.001649403046633498,0.054280804771882955,1.085616095437659,150.18454597963384,233.06318029121826,18.830109271463613,0.13055555555555556,0.8886952244984675,-0.05752685655463519,0.8676914084418788,0.5624596956637135,0.20196498344767416,-0.34083521184075544,-0.5637546863351081,0.20196498344767416,0.6657264249942045,-0.017925515910387345,-0.05813457453114688,-0.2892752391352792,-0.0999940108186143,0.8870751991560765,0.7690488764894204,0.7812244136426587,-0.01217553715323827,30.304061382745438,57.462617175335424,0.06944444444444445,36.937688669006405,0.11944444444444445,31.522170829772783,119727.4200848052,4343275.483244175,71948.97029501651,2817947.3109368747,42721.71390149874,2132780.424288246,12550.38324330076,0.1361111111111111,-0.07777777777777778,0.12777777777777777,0.6666666666666666,0.18611111111111112,7.339399879209708,8.981990588299274,11.049436651042493,1.2238044984771204,1.5054959305790372,1.230176823546938,-0.1,0.025,-0.075,11.049436651042493,228.37966864330176,69.18320826724731,47.735614948456515,2649.3257404043047,3075.343864385332,0.9816399483407527,000085_000200_71_186_L_001_985.c3d,0.49278874597896616,-0.0318991108764751,-0.009939844688026698,-0.03223609544812403,-0.16040547806103983,-0.05544749407708456,0.49189042872134664,0.6019829740699008,0.4811419587678157,0.31188848600627345,0.11199122959281034,-0.18899590320547602,-0.3126065688893801,0.11199122959281034,0.3691507291750053,0.4264438707382835,0.4331953053358427,-0.006751434597559205,31.863489617020864,25.94190469079213
000086,000201,71,208,R,2,95.5,146.0672853295665,32.15183197886482,113.91545335070167,1169.0677330691237,84.33467956626357,461.73056749660003,46.6358436077388,46.173694029018414,653.150991570607,175.36175275522572,110.24989043399412,658.0,1.8277777777777777,0.08395206677703965,0.010693995541767256,0.07325807123527239,1.4651614247054479,151.1846287535412,254.8748624351606,16.060525962752507,0.18611111111111112,0.9241170780841395,-0.03997939559569463,-0.20794650020900102,0.011087830735841181,-0.18010723670471357,-0.6253287754029954,-0.7078869393552021,-0.18010723670471357,-0.027839263504287448,0.1284704740394929,0.023311681711468947,-0.28567853844445273,-0.17614254896167295,0.9119187813590873,0.8831245608016631,0.3381112897647437,0.5450132710369194,34.487049476736445,-205.9048808571967,0.175,39.86768275675744,0.08333333333333333,42.69882275204863,64383.77072217502,2753913.984623952,101580.16810180436,2072553.3003497373,35357.82017259782,1640531.9528830072,11658.498727123464,0.22777777777777777,-0.19166666666666668,0.1,0.6666666666666666,0.22777777777777777,7.29006432770482,8.492716840914921,11.413044642134352,1.1649714541803968,1.565561582050895,1.34386261262713,0.03888888888888889,0.013888888888888888,0.05277777777777778,11.413044642134352,227.02948304329328,61.59920004324249,47.70752736993952,2189.6997873491136,2311.7172015065785,0.9991144909874254,000086_000201_71_208_R_002_955.c3d,0.5124304525253075,-0.022168900740653565,0.0712379250523971,0.012926517528817206,-0.15841107821029873,-0.09767247918469167,0.505666397559658,0.8124439529252789,-0.11530802939392316,0.006148292522924022,-0.09987093085544725,-0.34674990318453774,-0.3925290780499069,-0.09987093085544725,-0.015437098538475906,0.4896997675511052,0.1874854662109037,0.30221430134020155,-114.17593482155745,29.01030201981055
000087,000203,72,186,L,6,74.3,147.82636068950458,28.25493542470655,119.57142526479804,1180.918842274799,69.09789344058633,368.77326504735606,49.07507164093745,49.03680962513825,612.3674000499158,175.04573797648476,89.76065045906768,418.0,1.1611111111111112,1.4652162952518013,-0.04952390637345679,1.514740201625258,30.29480403250516,151.45918417647007,421.5345214713676,19.740822314452686,0.19722222222222222,0.8966760584163813,-0.12818519261393146,0.9983439263883156,0.41662179044609465,0.3283177680796768,-0.138938833495239,-0.27348347118817395,0.3283177680796768,0.6700261583086389,0.04927124706011837,0.014411514648609462,-0.3469353015608782,-0.059647762702448606,0.8942128369579698,1.522067571855728,0.7710195775050178,0.7510479943507101,42.638215505201394,416.4280117693046,0.07777777777777778,29.74524228135179,0.16666666666666666,53.317040866438255,59780.03042974724,3348198.4392065844,146459.49709300319,4521924.055844828,41644.584774582036,2476134.215368515,18147.749282338573,-0.013888888888888888,0.058333333333333334,0.14444444444444443,0.6666666666666666,0.20277777777777778,6.7386531870659345,8.47840050328617,10.264184650789552,1.2581743366106866,1.523180428767349,1.2106274817769251,0.05,-0.002777777777777778,0.04722222222222222,10.264184650789552,185.4332536632464,73.5225513102521,76.6523337221826,1637.0130111655635,2980.8895718037097,0.986705839781973,000087_000203_72_186_L_006_743.c3d,0.49030843089259696,-0.07009251564628799,0.02694184550531407,0.007880312034453992,-0.18970652972488966,-0.03261579325374486,0.4889615250207622,16.565400280241228,0.5459010971064718,0.22781156520455745,0.17952633862624495,-0.07597267798296096,-0.1495425804834722,0.17952633862624495,0.3663747584802269,0.8322766687750044,0.4215986316191042,0.4106780371559001,227.7056057356215,25.226300452600906
000088,000204,77,207,R,3,92.5,154.15729905227127,40.01888797551706,114.13841107675421,1675.995479350861,76.26772449097537,565.3988994037645,48.55950513684813,48.23037492291825,840.0729192177798,172.14864399701258,117.71916181790208,,,,,,,,,,,,,,,,,,,,,,,,,,,,,,,,,,123488.69195115895,4179478.300291853,222007.0530731721,4336267.441738744,46529.44158543635,2628923.867246916,14712.914236707056,0.14444444444444443,-0.09722222222222222,0.12222222222222222,0.6666666666666666,0.16944444444444445,8.455824351595195,8.292351064183778,11.250289723581268,0.9806673742719623,1.3304781717064518,1.3567068780015095,0.013888888888888888,0.03611111111111111,0.05,11.250289723581268,4.447814716653298,78.81727958171517,63.363078372464265,2593.5743412110905,3249.169994353902,0.9999949014705627,000088_000204_77_207_R_003_925.c3d,,,,,,,,,,,,,,,,,,,,24.54677872755982
