frame,time_s,elbow_flexion_right,shoulder_abduction_right,knee_flexion_right,trunk_rotation
0,0.0,67.59289890157334,29.77607919680521,144.17363196042766,1.3293903803076952
1,0.002777777777777778,67.60722897804979,29.757012203341077,144.03168351909287,1.2232946390849728
2,0.005555555555555556,67.62648579964954,29.705149241458667,143.91719319028203,1.1064733109028373
3,0.008333333333333333,67.6275205006845,29.69504366482641,143.9048187911339,1.0390179702228388
4,0.011111111111111112,67.62374357027949,29.68428208515146,143.88006176770608,0.9306145619238225
5,0.013888888888888888,67.58140866487767,29.66743649580043,143.82437119226307,0.8329611245629791
6,0.016666666666666666,67.56470816138409,29.64840570222357,143.83264946239913,0.7764853035476602
7,0.019444444444444445,67.52861950501463,29.63538420861766,143.88370766750387,0.7312993801718742
8,0.022222222222222223,67.55082325135028,29.640524759764794,143.97838083382118,0.6781663011699467
9,0.025,67.55570972494063,29.604832607448635,144.09116213474934,0.6162272385965947
10,0.027777777777777776,67.53245053941058,29.60379210746014,144.2858730521069,0.533310033833817
11,0.030555555555555555,67.50807438635042,29.607074856695437,144.4730295487323,0.4553197140878766
12,0.03333333333333333,67.52537154641777,29.592133201150915,144.61484573222216,0.4146206617388261
13,0.03611111111111111,67.52705680209635,29.569423454164248,144.87358333793438,0.37957554027679535
14,0.03888888888888889,67.52366417459238,29.553101913029007,145.17236151616396,0.3935333072772466
15,0.041666666666666664,67.45214365860802,29.56276036673745,145.4852954086253,0.34210186699842626
16,0.044444444444444446,67.42632730857598,29.56269655673745,145.71800823167396,0.2653238509791609
17,0.04722222222222222,67.37036801267365,29.548359412942723,146.13561318303945,0.13948768180008933
18,0.05,67.36177819670976,29.551265324798305,146.5846371756146,0.007472519997251453
19,0.05277777777777778,67.3642965401263,29.529323076375306,147.10328969033367,0.061654292460267324
20,0.05555555555555555,67.3845756374269,29.529670905654264,147.60519360940265,0.11140750137529701
21,0.058333333333333334,67.37769509824352,29.52371394003087,147.9280016917982,0.11992754638629428
22,0.06111111111111111,67.34434143367777,29.539026718582832,148.36335246539628,0.16759723225787537
23,0.06388888888888888,67.29975464540908,29.54844215316814,148.8437450933131,0.22574378048930838
24,0.06666666666666667,67.27713940070964,29.54068859575751,149.32885216432166,0.2709532991957663
25,0.06944444444444445,67.22125645179787,29.53185668023182,149.64234010426264,0.3063641080311173
26,0.07222222222222222,67.20982693757716,29.516530197394392,150.0997607699339,0.37568420711814404
27,0.075,67.20401177846756,29.5090961540694,150.53501379059796,0.40482410956796366
28,0.07777777777777778,67.13259008355628,29.50594415243223,150.95546856492186,0.44363341165747633
29,0.08055555555555556,67.15261174459481,29.518237692102726,151.30698294607012,0.4749192591260299
30,0.08333333333333333,67.14283206840844,29.520584089885492,151.5202829942793,0.4961593707271373
31,0.08611111111111111,67.11015244147808,29.494175352162856,151.78103104234737,0.562537378231144
32,0.08888888888888889,67.07604893040725,29.442813736637678,152.0237514663212,0.5885343088540474
33,0.09166666666666666,67.01054297024079,29.35968874411153,152.22638614226608,0.6029818623862774
34,0.09444444444444444,66.94133911767787,29.314109440598028,152.33187475314978,0.6060954873388199
35,0.09722222222222222,66.91873244105106,29.250319861258397,152.44641262618444,0.6134906026708925
36,0.1,66.90846632489325,29.270194071434066,152.5662032262394,0.6215555685117773
37,0.10277777777777777,66.8875280191589,29.231998405725353,152.67153421900738,0.6238615396603239
38,0.10555555555555556,66.87091578198049,29.18382186615639,152.7329792834945,0.6093341076702303
39,0.10833333333333334,66.84833615546296,29.151589903061467,152.76945300437936,0.59328235430103
40,0.1111111111111111,66.80051062786447,29.104610948837863,152.82421517152434,0.582560319107734
41,0.11388888888888889,66.72811397968917,29.06327702102136,152.84145832416561,0.5810706099445023
42,0.11666666666666667,66.68320309430868,29.02690968141261,152.82782766143816,0.5898413477365149
43,0.11944444444444445,66.65171982379876,28.977702191845214,152.81318807247823,0.5832109494698426
44,0.12222222222222222,66.62674024006692,28.881902000902805,152.7616110157307,0.5701942269366693
45,0.125,66.59650290992519,28.788914076643255,152.69611245605856,0.5239628438979943
46,0.12777777777777777,66.54986070821502,28.71264336653706,152.60901938336045,0.48790105026763897
47,0.13055555555555556,66.48668967665184,28.656101173828045,152.51661795970196,0.41689408897193525
48,0.13333333333333333,66.43389188638488,28.606708699740484,152.45225166616663,0.3865459562169356
49,0.1361111111111111,66.38495417686565,28.520156790920684,152.34978563989327,0.3236462294162234
50,0.1388888888888889,66.36698280992101,28.437074213895436,152.22171258518318,0.2989359698901538
51,0.14166666666666666,66.3344495912436,28.350780497645996,152.0921736167787,0.2661390884924502
52,0.14444444444444443,66.30259623280809,28.29959957129949,151.98109180453218,0.2266078954915586
53,0.14722222222222223,66.23361477616396,28.235041779121495,151.8085389258252,0.14356383229075897
54,0.15,66.10751848645833,28.158979548241003,151.635328902908,0.07801224446449977
55,0.1527777777777778,66.06092548123652,28.071987721020637,151.48512434384403,0.06201871411061798
56,0.15555555555555556,66.0385811922062,27.98627622440203,151.33454326929058,0.0180825684267555
57,0.15833333333333333,66.02276190200918,27.940259000910423,151.2149121264276,0.041598754698110474
58,0.16111111111111112,65.92899843272282,27.897115208651723,151.03200055656941,0.1134409804544496
59,0.1638888888888889,65.89867100651531,27.831106726040836,150.85499129973505,0.1581103380328836
60,0.16666666666666666,65.90331115923077,27.757686432767038,150.68043529829944,0.19059307261395722
61,0.16944444444444445,65.88677556399888,27.709503838689884,150.55686252076535,0.21392035628126554
62,0.17222222222222222,65.85748087037433,27.65745358028748,150.37812636368997,0.2649338038709399
63,0.175,65.82918369497547,27.613711938743567,150.21730759497467,0.3259622786597009
64,0.17777777777777778,65.80323030283736,27.572968581094084,150.07297608976242,0.3721045902186499
65,0.18055555555555555,65.78961130546388,27.5150219187186,149.9348543846324,0.41248137168093396
66,0.18333333333333332,65.74421087704287,27.485182312577567,149.83061739113413,0.4380489317414484
67,0.18611111111111112,65.72231014931876,27.47388343736426,149.68905463692718,0.5269422703223129
68,0.18888888888888888,65.71119265111368,27.44526811047832,149.5758184858188,0.6230751849597379
69,0.19166666666666668,65.63223226143519,27.37201251777877,149.4842225478967,0.7183435445187663
70,0.19444444444444445,65.62772439595918,27.345723848104154,149.42703362955967,0.7838084613559507
71,0.19722222222222222,65.64172030815615,27.315504864339236,149.3280666056006,0.8888401434384335
72,0.2,65.63731841251048,27.2776103502032,149.23596458243128,0.9205431410413397
73,0.20277777777777778,65.61529644404216,27.256811353947988,149.17318425325095,0.9671690044048501
74,0.20555555555555555,65.6166088949004,27.234706548210163,149.12357655693012,1.0575932870056792
75,0.20833333333333334,65.60923486042795,27.213720115874533,149.0856197559428,1.1287708213544332
76,0.2111111111111111,65.72124913894159,27.177747652126374,149.04992868397576,1.2686434208349926
77,0.21388888888888888,65.71752353810014,27.14955537984546,149.0317929978013,1.4074381729682197
78,0.21666666666666667,65.70674172097482,27.117153083613182,149.03046060839463,1.516094301666526
79,0.21944444444444444,65.68708024794476,27.08586135102212,148.99928182321565,1.55606565595353
80,0.2222222222222222,65.6366274511135,27.049759111478995,148.94431994602058,1.6287995882183879
81,0.225,65.5721712549995,27.01469640415346,148.9170640645057,1.716799864669347
82,0.22777777777777777,65.50967073396198,26.983124208728672,148.9271906137082,1.811708330755917
83,0.23055555555555557,65.4689792632012,26.94471890932241,148.9387603548081,1.9030776999724084
84,0.23333333333333334,65.42513318848924,26.927892500272353,148.94860363982096,2.0269075742004397
85,0.2361111111111111,65.39406921663623,26.863106413180756,148.95211778722816,2.1821568228599784
86,0.2388888888888889,65.32333890040337,26.806830103340275,148.98182596712337,2.2872585545568236
87,0.24166666666666667,65.25796603860014,26.754075613129014,149.01573161327275,2.4100412821201584
88,0.24444444444444444,65.22296984435205,26.716597425575834,149.05627135661837,2.5079148062307977
89,0.24722222222222223,65.14474772212644,26.656196704052164,149.11101015601938,2.579743728373428
90,0.25,65.07858758864771,26.607541684810972,149.17351607253914,2.7442778024427184
91,0.25277777777777777,64.99281767772746,26.546250010442225,149.194555444591,2.886287413597399
92,0.25555555555555554,64.93337493677976,26.468296879017927,149.22939038937278,3.042810361216349
93,0.25833333333333336,64.89017259477305,26.44167029149895,149.3011957384304,3.1474788864130305
94,0.2611111111111111,64.81722475176696,26.37516202543896,149.36948187583516,3.313643308793334
95,0.2638888888888889,64.76576482235599,26.269805796357325,149.43188229641314,3.376115114009434
96,0.26666666666666666,64.71817448906671,26.213428143815758,149.5262719536331,3.529192563248725
97,0.26944444444444443,64.68270289566469,26.195883939790466,149.61224606056533,3.599117836047551
98,0.2722222222222222,64.77661962266686,26.136156942587377,149.7471338789426,3.6419367150523887
99,0.275,64.75292270349308,26.066028939808145,149.90267420338537,3.695930319664367
100,0.2777777777777778,64.59882207349568,25.988882798578544,150.11364686738412,3.8445636696813827
101,0.28055555555555556,64.56848542830264,25.93140837232627,150.32734919688997,3.9490812852741723
102,0.2833333333333333,64.55948360707906,25.87794301253918,150.46791866833883,3.991704164739399
103,0.2861111111111111,64.51501188661678,25.77714654395005,150.69177216698517,4.1663075221549475
104,0.28888888888888886,64.48039675544985,25.70131009982878,150.9214211740894,4.268174801391132
105,0.2916666666666667,64.44983191432912,25.881463013881334,151.2103842875847,4.357658957198955
106,0.29444444444444445,64.44220106188634,25.842063752582416,151.39399163306044,4.448118217265799
107,0.2972222222222222,64.42702674760436,25.80951050983154,151.6747456555049,4.5590933181037645
108,0.3,64.38902677783884,25.76508190135099,151.921124460378,4.622726088223223
109,0.30277777777777776,64.3266933439123,25.735470795205725,152.2036061170383,4.681590877687807
110,0.3055555555555556,64.29942947357382,25.686856516999665,152.51623757721578,4.826667600121782
111,0.30833333333333335,64.2943698613221,25.633775364570383,152.6657550225101,4.891686129708423
112,0.3111111111111111,64.21177745577207,25.58431024081171,152.87516841162542,4.946858444985995
113,0.3138888888888889,64.11458685598969,25.546544085828604,153.1574571804399,4.971787617363075
114,0.31666666666666665,64.09359961178238,25.358898475040665,153.40023937793114,4.998516420482944
115,0.3194444444444444,64.0341658243615,25.294475044875973,153.5494053031701,5.054794255103846
116,0.32222222222222224,63.95056034630017,25.163925835574965,153.74073369640465,5.081288274624267
117,0.325,63.93246298636686,25.020511882456425,153.93059845941355,5.093292549279497
118,0.3277777777777778,63.81206881213555,24.946738463281907,154.13394084544183,5.080452239943034
119,0.33055555555555555,63.72299389975934,24.940473060924433,154.3195358798015,5.097746257389545
120,0.3333333333333333,63.66175240009964,24.93899797446978,154.43854100329776,5.09656053356255
121,0.33611111111111114,63.560201646840255,24.901012801865097,154.5558527853298,5.092945170920809
122,0.3388888888888889,63.477656013239034,24.891719847354445,154.62390093121428,5.05362831274889
123,0.3416666666666667,63.31124097635786,24.822963821598762,154.64622166248154,5.034524796606932
124,0.34444444444444444,63.252182726221506,24.7758234978921,154.6507072520909,5.026102754957579
125,0.3472222222222222,63.11630204242832,24.778177440095078,154.66678465100748,4.975808270816863
126,0.35,63.007830038779275,24.764562460029417,154.67913038082986,4.916108650194102
127,0.3527777777777778,62.87635614585693,24.71025897908434,154.6774201626214,4.8308136360996
128,0.35555555555555557,62.726832166354455,24.708126585981557,154.64443051622794,4.76447721369783
129,0.35833333333333334,62.645142344965834,24.65784856218711,154.6152744630347,4.725448251405776
130,0.3611111111111111,62.529680423820395,24.58663691538239,154.54823396871615,4.637407327774697
131,0.3638888888888889,62.38123763405648,24.546596645637877,154.48766503868364,4.555096108661492
132,0.36666666666666664,62.29104630341233,24.506120434164867,154.4113319818421,4.438441573847757
133,0.36944444444444446,62.1831387901166,24.47469041778044,154.3284500551853,4.300418812835285
134,0.37222222222222223,62.034943238031246,24.415911541029725,154.22966411969145,4.133487347184137
135,0.375,61.85808923410109,24.38521125097481,154.17603201016559,4.082162654989831
136,0.37777777777777777,61.759351555899464,24.335631148227897,154.1373132603842,3.995356093738137
137,0.38055555555555554,61.66709367505235,24.276033496396412,154.16626814529602,3.8812489426755694
138,0.38333333333333336,61.52746872372273,24.25026569199981,154.16149549179826,3.7978474948215846
139,0.3861111111111111,61.40733265029591,24.239336010821496,154.1611637636413,3.7265967694884266
140,0.3888888888888889,61.28164217039254,24.198651061946695,154.18443168677794,3.6304939737555264
141,0.39166666666666666,61.19579792580678,24.128200652475716,154.26675045833207,3.623544331614976
142,0.39444444444444443,61.09463265434377,24.067398012130173,154.33596463729197,3.5950892232837783
143,0.3972222222222222,60.98022830850951,24.019390613147483,154.43672203490058,3.5135387848789534
144,0.4,60.8707622597248,23.953430563492592,154.59025148889762,3.4763126952888173
145,0.4027777777777778,60.75215521420654,23.889831190875697,154.76333038461553,3.4450700465904776
146,0.40555555555555556,60.6539734932044,23.831086796340593,154.90941940960508,3.4039751811154213
147,0.4083333333333333,60.556798825259335,23.81107302168898,155.06579515455743,3.411041491831496
148,0.4111111111111111,60.41326691260477,23.75851253335001,155.34825126594228,3.372596402608267
149,0.41388888888888886,60.30633460518484,23.669224443958555,155.72738982418713,3.34915902940004
150,0.4166666666666667,60.2120642818352,23.59474447166121,156.05583701151048,3.3017182299547914
151,0.41944444444444445,60.16886416417839,23.552504870464617,156.27704036938513,3.2825152283317274
152,0.4222222222222222,60.062006989507594,23.502318238471847,156.5891781258191,3.2483260120055792
153,0.425,59.91854155689475,23.49673134627148,156.9675331454509,3.291305079346361
154,0.42777777777777776,59.80723002259378,23.429256357941526,157.31296566775168,3.3307701072479343
155,0.4305555555555556,59.69602202986066,23.35936021484814,157.72121672360797,3.343722575287507
156,0.43333333333333335,59.59003335954257,23.329961519143158,157.94842391965167,3.346640998590735
157,0.4361111111111111,59.466253351555636,23.29734052630617,158.27837664247932,3.337483340456668
158,0.4388888888888889,59.332720405313026,23.27614485255493,158.6531598698544,3.3920522431395366
159,0.44166666666666665,59.1964528130529,23.272909578006917,158.98814760878057,3.4174510602626857
160,0.4444444444444444,59.12599069919103,23.2499032056112,159.16921064338032,3.4105999915761833
161,0.44722222222222224,59.02137213562208,23.218436683742137,159.45119647396734,3.394374929853413
162,0.45,58.920901145792286,23.180279248552996,159.76349323782784,3.443549877972556
163,0.4527777777777778,58.80937380014771,23.182676175917326,160.04379724939983,3.485125031973484
164,0.45555555555555555,58.656095941548834,23.173684053315057,160.2799386544734,3.481400180774482
165,0.4583333333333333,58.60496149451336,23.158209987363083,160.44216997815374,3.534168733277546
166,0.46111111111111114,58.587939492718604,23.152982945699986,160.6351719119552,3.595971232049127
167,0.4638888888888889,58.4345757009262,23.156252694521637,160.76094520058925,3.628106264293229
168,0.4666666666666667,58.36165508802643,23.209646802433912,160.90453200932333,3.6233063336176565
169,0.46944444444444444,58.3233845416075,23.230219090903756,161.00951477158125,3.6945023006551754
170,0.4722222222222222,58.25226812186234,23.250219056335496,161.1129637559073,3.7019635379513245
171,0.475,58.183491313865886,23.273368381369515,161.17802643188975,3.761644308844068
172,0.4777777777777778,58.164262669807414,23.323261489097348,161.28135385786297,3.8202188055073463
173,0.48055555555555557,58.11172386851711,23.374941146079973,161.35007790581196,3.868526063468753
174,0.48333333333333334,58.079155542341915,23.402408977154927,161.36653990758657,3.904007854735051
175,0.4861111111111111,58.02252130043566,23.450553354767543,161.451064117369,3.962201428162869
176,0.4888888888888889,57.97200932225465,23.509819900764143,161.52064830625412,3.999344763496662
177,0.49166666666666664,57.93396750656574,23.60977662419668,161.58782425748439,4.02542257677252
178,0.49444444444444446,57.887128207794525,23.655891576431195,161.62025131224524,4.0226003869193185
179,0.49722222222222223,57.832564208130194,23.70763680608873,161.67514404070351,4.08038483383648
180,0.5,57.758058302098476,23.77020591922525,161.78971938378638,4.159421511551894
181,0.5027777777777778,57.68794582410788,23.855371060805428,161.87333330551854,4.202019846501383
182,0.5055555555555555,57.67336680346918,23.933205566121035,161.94196872130613,4.205232549811662
183,0.5083333333333333,57.67072315893844,23.985338010383817,161.9957641663158,4.178171936989087
184,0.5111111111111111,57.640566035833515,24.058894108525305,162.0927141151883,4.170633195376861
185,0.5138888888888888,57.59831671705277,24.116432590657006,162.20987063845388,4.202757172304043
186,0.5166666666666667,57.5764215770682,24.191716850318123,162.28566904864346,4.115508604188246
187,0.5194444444444445,57.556554428108356,24.245699400487307,162.32344028751706,4.135021495836802
188,0.5222222222222223,57.4980859750016,24.316768894274613,162.40695669800965,4.11452505609653
189,0.525,57.48306154705012,24.37865016313309,162.50357403467257,4.063581623206755
190,0.5277777777777778,57.48193831120405,24.448338231215434,162.624968341062,4.066407260601702
191,0.5305555555555556,57.46082308672837,24.513812965967126,162.70696501296402,4.002225275255561
192,0.5333333333333333,57.428673801229465,24.553685450726338,162.7586930497808,3.927638559473175
193,0.5361111111111111,57.359837012564256,24.636570492901047,162.8403399819499,3.8522632256240525
194,0.5388888888888889,57.32679675167821,24.7510074860101,162.94307224395598,3.8139085235480783
195,0.5416666666666666,57.317823471872536,24.82847878699156,163.0811130638491,3.747735198205341
196,0.5444444444444444,57.31197510437715,24.875836336726586,163.1595375807045,3.7224728069025255
197,0.5472222222222223,57.286031017458,24.961942832255964,163.25520769300857,3.67873628446941
198,0.55,57.23741247289074,25.044962338699243,163.36001739075544,3.653199356586221
199,0.5527777777777778,57.21603558712383,25.13969653574836,163.47401935696467,3.6004401359198788
200,0.5555555555555556,57.20601237064664,25.21550133023327,163.59551633975815,3.51098244846969
201,0.5583333333333333,57.164346468647665,25.279689990200115,163.64191019251962,3.452682094951711
202,0.5611111111111111,57.139767369565504,25.381975224174486,163.68164772892246,3.331713478631505
203,0.5638888888888889,57.10328631629548,25.478227474949108,163.69135835983596,3.2215513516518315
204,0.5666666666666667,57.08805913866214,25.583761706963518,163.71217123035058,3.1077493064064745
205,0.5694444444444444,57.06677472053076,25.661847518282602,163.72616374471855,3.0462892087975098
206,0.5722222222222222,57.03740417781383,25.754833814450183,163.74330890990632,2.909039872404828
207,0.575,56.99302753246402,25.873197996964645,163.74885469574954,2.755807341469501
208,0.5777777777777777,56.94474759044726,25.968152939567986,163.7588384915434,2.6164168291216057
209,0.5805555555555556,56.91222329938991,26.08178454695285,163.7805382192426,2.5132037949386032
210,0.5833333333333334,56.89395602226015,26.171590061035612,163.77562724020368,2.446252019186226
211,0.5861111111111111,56.851377573355734,26.308514105073176,163.76102416863256,2.3483777115804236
212,0.5888888888888889,56.804471656592014,26.422241143993418,163.7410170162558,2.226256336916519
213,0.5916666666666667,56.82931689726778,26.505566229363524,163.67922158175162,2.064697745466993
214,0.5944444444444444,56.78970564512675,26.574191410859914,163.64517444409117,2.0033475986598597
215,0.5972222222222222,56.76914556499328,26.706523340408054,163.61316541697468,1.9515510395530695
216,0.6,56.69185730850721,26.85093608711513,163.55643837224244,1.867477438852097
217,0.6027777777777777,56.667132721817154,26.992545999507087,163.49128997042777,1.8239264531617563
218,0.6055555555555555,56.64601986390846,27.118402746413846,163.4177479378503,1.770756887012624
219,0.6083333333333333,56.60605562177481,27.19322690500715,163.3478194858312,1.7237940708227
220,0.6111111111111112,56.52660488383183,27.32181091681923,163.25458042947844,1.6794614287107623
221,0.6138888888888889,56.47974177799239,27.44999797445986,163.16910985461172,1.6054872965195888
222,0.6166666666666667,56.45124747931722,27.577767464785914,163.11261560311607,1.6749601417137852
223,0.6194444444444445,56.417226970992026,27.653717393402545,163.066042614137,1.6682461032595843
224,0.6222222222222222,56.386608815730604,27.738982494206386,163.0020626374978,1.6568999104400144
225,0.625,56.3161370311295,27.83056740732344,162.93099075100525,1.6421377613965589
226,0.6277777777777778,56.26454255911552,27.97460198385821,162.85088506819633,1.6781860444006533
227,0.6305555555555555,56.22432826104254,28.1238109147327,162.76367439949794,1.8009035108565397
228,0.6333333333333333,56.16580655170022,28.18772062255264,162.71131548056192,1.8611546650713207
229,0.6361111111111111,56.118248668511995,28.28965722125851,162.61244899199232,1.9659074939538232
230,0.6388888888888888,56.053008793243265,28.381644276258285,162.55163300048162,2.094645650991129
231,0.6416666666666667,56.01013275048877,28.490323753366194,162.463732659649,2.261633780667335
232,0.6444444444444445,55.980289606261756,28.56971466784736,162.38634502282306,2.3473436025792727
233,0.6472222222222223,55.89550835133387,28.686297787924605,162.29980818709365,2.4822185904950316
234,0.65,55.88767504556846,28.78806132658152,162.22105879004403,2.668202836441009
235,0.6527777777777778,55.769609420420906,28.870591395962563,162.16206563676758,2.8949462557394887
236,0.6555555555555556,55.737235708198924,28.952785219737066,162.10509070893502,3.0955022423224627
237,0.6583333333333333,55.71102577382958,29.003200882586924,162.06379565168925,3.1003439281028293
238,0.6611111111111111,55.65372558778251,29.087034215855862,162.02478389215904,3.141614330360572
239,0.6638888888888889,55.56163859960065,29.181193906806012,161.97917874483338,3.1967944852276435
240,0.6666666666666666,55.47773803128427,29.208676415399623,161.93065319222933,3.290945231702397
241,0.6694444444444444,55.453179635095815,29.170069517209996,161.91424349982262,3.390629771112243
242,0.6722222222222223,55.404032484107,29.0761537621672,161.88017122633437,3.426293847359489
243,0.675,55.31500803918123,29.00910815820771,161.8489449054222,3.4879056034832217
244,0.6777777777777778,55.25405493729912,28.989868122824017,161.81212054880237,3.562506307536711
245,0.6805555555555556,55.22352736239877,28.924243469913904,161.7675148046449,3.6200416284334467
246,0.6833333333333333,55.20593552694004,28.911985796811535,161.77691737586858,3.65836380032217
247,0.6861111111111111,55.13595000801288,28.8533509228641,161.7617102767553,3.63608299884599
248,0.6888888888888889,55.06638138345657,28.810312141026955,161.729710728364,3.647846143520247
249,0.6916666666666667,55.03529172645771,28.778805071277375,161.67770895548293,3.6124900528676855
250,0.6944444444444444,55.00936762784508,28.76067813077118,161.64368808845245,3.6332133653418293
251,0.6972222222222222,54.965328550124916,28.700108024736895,161.5962001983295,3.639741521537871
252,0.7,54.878360594291934,28.633714554595237,161.5787762099892,3.6263546131468214
253,0.7027777777777777,54.86208282362838,28.54949820115212,161.5463154061684,3.580990624956293
254,0.7055555555555556,54.815403550389966,28.477143430023197,161.51172719456883,3.565379804244174
255,0.7083333333333334,54.79809161772799,28.419417127693304,161.48079044814986,3.538059767946267
256,0.7111111111111111,54.73132538029533,28.369683989463464,161.44503734508714,3.5126969667775927
257,0.7138888888888889,54.69312642473631,28.396253701477658,161.40347135285134,3.5148067659635385
258,0.7166666666666667,54.62535754244759,28.3597068280487,161.3429098666531,3.4448844998776327
259,0.7194444444444444,54.57823096778736,28.28368162977635,161.29172277771443,3.4187862618828135
260,0.7222222222222222,54.57665696882639,28.384872103307988,161.23457366706177,3.372854446654419
261,0.725,54.505083969901904,28.233367919675768,161.19704718890264,3.345229389715056
262,0.7277777777777777,54.45216986541467,28.273447171635137,161.14068402820513,3.349660393251439
263,0.7305555555555555,54.409663777255794,28.183618564994145,161.0933120878561,3.278350074441857
264,0.7333333333333333,54.38098667902771,27.905117775394825,161.05309980864033,3.2438971572399664
265,0.7361111111111112,54.31625751716849,27.68424959096367,160.9962199630265,3.208997315094455
266,0.7388888888888889,54.26827929831677,28.088694723928267,160.9237378391085,3.15598079834797
267,0.7416666666666667,54.21048631654436,28.001934886219374,160.8349105961266,3.070875570662934
268,0.7444444444444445,54.194151963860854,27.932617764448615,160.772109487394,2.9895210396364016
269,0.7472222222222222,54.15007701931566,27.85170714806085,160.6993892071767,2.9170485987262573
270,0.75,54.09515147631004,27.78523475134472,160.63005232262773,2.917670130234336
271,0.7527777777777778,54.04699485143074,27.725792321004157,160.54599791694073,2.8746280350376106
272,0.7555555555555555,54.011560618006406,27.662630896222634,160.46437027186428,2.8993431192891506
273,0.7583333333333333,54.010266978614865,27.65541806572218,160.4132245444232,2.9117604437438525
274,0.7611111111111111,53.95863526960647,27.185448065804522,160.32099612017583,2.8975470941420327
275,0.7638888888888888,53.900859143020476,27.46755267423652,160.22611016926257,2.891371363968638
276,0.7666666666666667,53.83051459633422,27.380083850484247,160.13616337717153,2.871012192608408
277,0.7694444444444445,53.81245477801335,27.079335913576678,160.05639684336978,2.878798629922032
278,0.7722222222222223,53.77636095467016,26.882785558085608,159.92659194121734,2.9152837323162295
279,0.775,53.748594887428276,26.809267352409893,159.80773168605032,2.882544625335649
280,0.7777777777777778,53.66750500880592,26.80344592142372,159.67322365699846,2.8272061293347877
281,0.7805555555555556,53.63235226551007,26.776650771740844,159.5198626887568,2.8534013116784642
282,0.7833333333333333,53.631601506889844,26.793502382607755,159.41869691610734,2.8723934487873284
283,0.7861111111111111,53.6281820771469,27.29196946170543,159.2572191907488,2.9350163103401288
284,0.7888888888888889,53.596960544694646,26.82530147571076,159.095781723798,2.9754040067988203
285,0.7916666666666666,53.5456735899984,26.658242274916738,158.92732778853397,3.009408586991994
286,0.7944444444444444,53.513989395698346,26.606573488106605,158.82604119486456,3.0061064834339644
287,0.7972222222222223,53.491863523029714,26.533061449223627,158.6610889367502,2.9811006892370906
288,0.8,53.42055033449558,26.459247780644358,158.4772283983535,3.024120615308136
289,0.8027777777777778,53.34529502706102,26.438518871735948,158.24124359369767,3.069321680935803
290,0.8055555555555556,53.303801510107476,26.39014834456824,157.97367584674413,3.0731957965260697
291,0.8083333333333333,53.297244929977616,26.334751685225715,157.80476853283133,3.0746941728051618
292,0.8111111111111111,53.282635177456534,26.307816201258714,157.54729550634053,3.0734145708239318
293,0.8138888888888889,53.21858391955098,26.25673495586624,157.2701045552744,2.9804900329175825
294,0.8166666666666667,53.096331354110134,26.205125139645,157.0056776489753,3.042764966085928
295,0.8194444444444444,52.99972883369093,26.17868004481757,156.79906796208306,3.059889313262181
296,0.8222222222222222,52.93015081799827,26.101713619121497,156.4874971805712,3.027553805502714
297,0.825,52.90882024310497,26.056247279275556,156.19713730736413,2.9985850024457275
298,0.8277777777777777,52.82548475072345,26.012379788686296,155.8779397041021,2.958502806701522
299,0.8305555555555556,52.69031627896291,25.916237415108753,155.55981044812566,2.9474285831580596
300,0.8333333333333334,52.61945074746193,25.87497867661545,155.35928248426657,2.946127513825313
301,0.8361111111111111,52.563368656856994,25.81567241491622,155.02255051225032,2.861369602321153
302,0.8388888888888889,52.49981026173583,25.745813743272844,154.71508712706992,2.824569590291541
303,0.8416666666666667,52.41669039473155,25.67797032364419,154.3735223913486,2.771110500053825
304,0.8444444444444444,52.344511814021864,25.647641600780087,154.13969284929726,2.7382452225689584
305,0.8472222222222222,52.27579664266869,25.58569786818608,153.81801855950408,2.7314418016009085
306,0.85,52.19144758108867,25.50513620819214,153.44502704264139,2.692304387614169
307,0.8527777777777777,52.093698335812554,25.44423077970513,153.09334814444748,2.6194424243728998
308,0.8555555555555555,52.0266333926896,25.388159036234605,152.73487472293618,2.554470846196113
309,0.8583333333333333,51.96541702275,25.323438930080606,152.50776525471778,2.516753887843568
310,0.8611111111111112,51.891628007585474,25.270305767842043,152.15627219330645,2.323455488238707
311,0.8638888888888889,51.82870105801495,25.225979522396415,151.7709779900617,2.120457978678472
312,0.8666666666666667,51.778831394373626,25.163895911639262,151.44180708910372,1.8940003684169098
313,0.8694444444444445,51.70538422931866,25.133622403793566,151.19350009838658,1.686163992656423
314,0.8722222222222222,51.631900802643194,25.11748100025921,150.84903749578672,1.4753227235998985
315,0.875,51.61104854785195,25.027139555468167,150.491793417909,1.2302969539436381
316,0.8777777777777778,51.58078411349073,24.959732841650876,150.15714862525985,1.0669276658668152
317,0.8805555555555555,51.50317471421102,24.900001407556992,149.78396746840713,0.8091810807278073
318,0.8833333333333333,51.441964818188495,24.863673068656897,149.55796796003162,0.6755136293788274
319,0.8861111111111111,51.40721126467419,24.77299622982896,149.2275879120413,0.5328285924187108
320,0.8888888888888888,51.331783195165734,24.679038113167557,148.89676513001828,0.3014429220292154
321,0.8916666666666667,51.25239361145437,24.627935811182724,148.56618721122885,0.14160657129652376
322,0.8944444444444445,51.22794310959905,24.60096098503849,148.34128546230642,0.03733294028132419
323,0.8972222222222223,51.182461142578106,24.538193942363346,148.0173009804112,0.14716889630082008
324,0.9,51.136692657668235,24.472307987323042,147.69988353270412,0.3546317304843654
325,0.9027777777777778,51.09920626236839,24.398498769112877,147.3718757661771,0.46418168357545064
326,0.9055555555555556,51.07378403488338,24.37512512992076,147.06764045010294,0.5179679993820969
327,0.9083333333333333,51.04219936299982,24.370025418973743,146.85025358235654,0.6642239097382714
328,0.9111111111111111,50.9512645881771,24.37102674548357,146.55727119822257,0.8352692519720174
329,0.9138888888888889,50.89426793852864,24.323679332517266,146.23875965697482,1.031356133294345
330,0.9166666666666666,50.82481478056913,24.275391735226357,145.95444171208777,1.1334800409219725
331,0.9194444444444444,50.79799907997386,24.297781115943103,145.73270679517307,1.2008032447072003
332,0.9222222222222223,50.748638900187835,24.286235171853296,145.40528539745196,1.3089162527860323
333,0.925,50.70296611016667,24.307485650322082,145.08032317226386,1.4817486197687244
334,0.9277777777777778,50.70584427506019,24.319170947695333,144.7431252192466,1.5391242818911073
335,0.9305555555555556,50.68133953904475,24.265967802581432,144.3998462982157,1.6412996469157852
336,0.9333333333333333,50.65623318640202,24.217041792646327,144.19205591761883,1.7219751751234353
337,0.9361111111111111,50.64298513376338,24.867248749657488,143.84738795070768,1.8243394098463155
338,0.9388888888888889,50.60432613569144,24.8830892196579,143.48262003692687,1.8539457406525537
339,0.9416666666666667,50.5681741350718,24.972406784705075,143.17092686667502,1.892736054242542
340,0.9444444444444444,50.54283950570507,24.947680789238007,142.94271351984986,1.932685343528
341,0.9472222222222222,50.56029389925184,25.01603485224114,142.61290051037003,1.8383774062615676
342,0.95,50.52376750843576,25.097253008078056,142.24444615114575,1.8944317406052131
343,0.9527777777777777,50.45068956387987,25.14328052518677,141.90141937683052,1.883928972607601
344,0.9555555555555556,50.50224632463465,25.241423619900882,141.56065416109607,1.8401448723383962
345,0.9583333333333334,50.5033657111211,25.306132753690108,141.34190420654312,1.8141338343901212
346,0.9611111111111111,50.463028996634115,25.383420547647848,140.98785263602477,1.701311017174102
347,0.9638888888888889,50.47559715775781,25.486456296908532,140.6286762075871,1.6438896714535132
348,0.9666666666666667,50.530166052683036,25.59824124614081,140.30511386717382,1.5608402604121834
349,0.9694444444444444,50.55748920404646,25.61538792999517,140.06365624023772,1.5594801431857042
350,0.9722222222222222,50.53315099719806,25.743404315066737,139.73389705328032,1.403808052818086
351,0.975,50.550730649804976,25.876767508365383,139.386203366198,1.27622174190313
352,0.9777777777777777,50.54730970149047,25.94764193912403,139.01224383150253,1.1878968029633357
353,0.9805555555555555,50.521904681421795,25.892132713924273,138.68109307782365,1.0821458866312736
354,0.9833333333333333,50.543494922998896,25.95174304339213,138.4550488325574,1.025376960392942
355,0.9861111111111112,50.562087943810674,26.119039848605325,138.08138449768165,0.9645845045838779
356,0.9888888888888889,50.59237675495885,26.272029698574084,137.74496321908492,0.8238748810751433
357,0.9916666666666667,50.581977667020844,26.38545443148512,137.32740332060226,0.8055467946974313
358,0.9944444444444445,50.61074847119571,26.427384373255627,137.09728164593884,0.6834418995236622
359,0.9972222222222222,50.646153908390005,26.503804314184393,136.74040723331996,0.5435992536509292
360,1.0,50.762032591390856,26.582016234917834,136.36483193466185,0.3829676766894559
361,1.0027777777777778,50.81534768125919,26.66973127232423,135.98191730783964,0.22540812284756004
362,1.0055555555555555,50.890976516878744,26.699913050822506,135.55643565069,0.05209706508787895
363,1.0083333333333333,50.89731913771192,26.79783472598556,135.26163955906244,0.23590255899893137
364,1.011111111111111,50.89520770147174,26.897355414390255,134.8240275697532,0.4079240591175985
365,1.0138888888888888,50.96329907592778,26.9940399874777,134.3916357840284,0.5617288183696119
366,1.0166666666666666,51.016822665497685,27.07044747595113,133.99359168894176,0.8960921934122517
367,1.0194444444444444,51.0396442399015,27.130386188368078,133.70405703421636,1.1656260057879915
368,1.0222222222222221,51.066853126089605,27.289872428909334,133.2803820332319,1.3244409569231246
369,1.025,51.216248299099114,27.463906940547258,132.86606412597683,1.5229589794999034
370,1.0277777777777777,51.33557402747261,27.615719962815756,132.42583190111523,1.815144095891545
371,1.0305555555555554,51.42587171706667,27.860375608596296,131.91720606271022,1.8993304956379926
372,1.0333333333333334,51.47126358664044,28.011410917512155,131.6324142911137,2.032633100034289
373,1.0361111111111112,51.54980120295528,28.25527580770879,131.20346172130073,2.2573579280908085
374,1.038888888888889,51.72323886071935,28.5277444200275,130.70927453763687,2.435097022052279
375,1.0416666666666667,51.92347959336772,28.762756343466577,130.1862920437142,2.5900130033947852
376,1.0444444444444445,51.98174576831374,29.016498883961113,129.86025406737286,2.7891274352015274
377,1.0472222222222223,52.15046999514956,29.381549362418546,129.36452411319206,2.9561229961611932
378,1.05,52.42080896615237,29.822257980329365,128.93853501735657,3.1741553912086133
379,1.0527777777777778,52.69440325203283,30.125586928873258,128.52707666775066,3.5689091779112316
380,1.0555555555555556,52.71978433224695,30.476339459327725,128.1125802872538,3.9186135841785066
381,1.0583333333333333,53.01794620984707,30.68921003119297,127.85735061938108,4.181581124109956
382,1.0611111111111111,53.251930313464754,31.09883913758404,127.43889920586317,4.4925062551919535
383,1.0638888888888889,53.721683896771175,31.856199892873178,127.02523189791675,4.850271138272076
384,1.0666666666666667,54.085885441960365,32.623907636835945,126.62986848236186,5.283566969844532
385,1.0694444444444444,54.39281031225849,32.91091615289111,126.36559321566449,5.487534224818377
386,1.0722222222222222,54.82077872635696,33.40862980292428,125.93936665232525,5.881249482421789
387,1.075,55.396117176414656,34.192822651667285,125.56102592881268,6.274657210827041
388,1.0777777777777777,55.765361752524704,34.779754670125044,125.21024474047704,6.741400971820156
389,1.0805555555555555,56.324684577624346,35.493493808155776,124.83159428117143,7.113467793513254
390,1.0833333333333333,56.72369805522243,36.001207561463936,124.60293660069573,7.424838293192181
391,1.086111111111111,57.30014402880702,36.761186756969195,124.2748801332791,7.873237349640424
392,1.0888888888888888,57.93297907942411,37.50681336286951,123.92269995390821,8.224478989045593
393,1.0916666666666666,58.58181998594167,38.33615482952556,123.56543175825698,8.61634427077078
394,1.0944444444444446,59.02328546142821,38.85576455290151,123.32942195728405,8.869409931191878
395,1.0972222222222223,59.833539793396675,39.672806058346104,122.98851428106451,9.214020484683195
396,1.1,60.63180368839068,40.52016233457869,122.64527806183376,9.553229052692972
397,1.1027777777777779,61.40058457156405,41.377474733585714,122.33025596340771,9.846392984076747
398,1.1055555555555556,62.12003053662411,42.23259427456847,121.99966678900424,10.20805579424251
399,1.1083333333333334,62.651409531018786,42.86022923248669,121.77923091582517,10.400151780621568
400,1.1111111111111112,63.47814015159492,43.75922883061681,121.455402930283,10.660797560514055
401,1.113888888888889,64.35388605815949,44.69033225693471,121.1430786542623,10.886814692598193
402,1.1166666666666667,65.2241958241346,45.653309389608154,120.79290507569351,11.131464198800717
403,1.1194444444444445,65.88177328164655,46.29629527511477,120.59319347277804,11.238622327993431
404,1.1222222222222222,66.8631784224267,47.263172688525636,120.27915881645686,11.507195513962927
405,1.125,67.8700440950229,48.301551139452734,119.95161296156675,11.769099261240344
406,1.1277777777777778,68.83746095913568,49.3024917396137,119.65063156156378,11.962980439073704
407,1.1305555555555555,69.99676131282057,50.27807167154329,119.3882733284491,12.008647943496316
408,1.1333333333333333,70.7485664856692,50.975870929020175,119.24335228113277,12.102388070734959
409,1.136111111111111,71.9328619478437,51.94793873617947,119.02398770129369,12.333573203228996
410,1.1388888888888888,73.13000505292668,52.95571493085218,118.75663844227573,12.517658212220262
411,1.1416666666666666,74.35917699561703,53.94014171634839,118.52209765022023,12.743259031094764
412,1.1444444444444444,75.24327500096847,54.59495309278833,118.40136460666321,12.964893061624103
413,1.1472222222222221,76.64139274473175,55.551084733510045,118.15730556779161,13.11178002430876
414,1.15,78.07626821502242,56.506304658342124,117.98617663011179,13.435762362629678
415,1.1527777777777777,79.5201669887998,57.50176662120151,117.73402100775343,13.553303728975465
416,1.1555555555555554,80.9952065385883,58.41172025257131,117.56344334499374,13.958604080273995
417,1.1583333333333334,82.00914171506457,59.046563477669075,117.45475556312799,14.115284009057518
418,1.1611111111111112,83.52854314608847,59.950995539413235,117.19384272521057,14.156199878870583
419,1.163888888888889,85.129314143046,60.79742504759805,116.95962021287069,14.32532121257216
420,1.1666666666666667,86.70473362257644,61.714518861403754,116.76824094894299,14.617940723404447
421,1.1694444444444445,87.79406972100202,62.2584588720533,116.65775816218981,14.753126279711152
422,1.1722222222222223,89.48677185611456,63.03981116937533,116.4797277639735,14.9794762622889
423,1.175,91.21363851413099,63.84709255911,116.32552788389313,15.281954055266665
424,1.1777777777777778,93.01405692767042,64.63850807813918,116.18059872460758,15.582394191522605
425,1.1805555555555556,94.8448289911237,65.36138897133931,116.00754316146335,15.715211553917102
426,1.1833333333333333,96.07953323061349,65.81891482339984,115.88555909631704,15.837948413526679
427,1.1861111111111111,98.02091621273073,66.4225560582253,115.734961469845,15.99790362665269
428,1.1888888888888889,99.89522417963325,67.05435757440632,115.60576400263164,16.227704305465124
429,1.1916666666666667,101.9027131312711,67.58902443313421,115.46701098324232,16.42493737195091
430,1.1944444444444444,103.2513030216859,67.92111588894396,115.37607134610616,16.59033405490316
431,1.1972222222222222,105.31442658945467,68.39494968659339,115.21682642548063,16.71364766968623
432,1.2,107.36430536091859,68.8729087560508,115.04340417920639,16.847014922370523
433,1.2027777777777777,109.50487749108125,69.23728974689162,114.94428620032303,17.08602562732533
434,1.2055555555555555,111.61530936592312,69.51751016891382,114.80451570582656,17.311420348582818
435,1.2083333333333333,113.01565905426504,69.69094905356343,114.73827256326827,17.519888575396113
436,1.211111111111111,115.23408919646866,69.93875863823676,114.65608728151679,17.721707106445358
437,1.2138888888888888,117.42466362458846,70.16239405413809,114.60305693209561,18.00007892000644
438,1.2166666666666666,119.82936542505934,70.29279777619458,114.4998921564304,18.362042477437637
439,1.2194444444444446,121.39742481694536,70.3535956847961,114.44846354800946,18.590077480630203
440,1.2222222222222223,123.81123067272077,70.40812717236906,114.38031738431262,18.981406723161296
441,1.225,126.07763717625758,70.36373479154678,114.34278064816212,19.357466358035396
442,1.2277777777777779,128.21443203853013,70.32254736776778,114.30865240500856,19.793880367509324
443,1.2305555555555556,130.42825265685562,70.22974454184563,114.30193175921619,20.25432163719796
444,1.2333333333333334,131.9926066675383,70.1531749523875,114.30017685709745,20.576256867699026
445,1.2361111111111112,134.2949695800343,69.98738130966542,114.26798560130058,20.974493360575114
446,1.238888888888889,136.53363599694495,69.81785921846428,114.2618164328515,21.46788802836267
447,1.2416666666666667,138.79396799953474,69.56214407869395,114.2564822054262,21.90026903407928
448,1.2444444444444445,140.21413293794842,69.40476771227833,114.26043158297625,22.190282776435375
449,1.2472222222222222,142.34487662455228,69.23436578695853,114.27888998516306,22.675840031474774
450,1.25,144.4830195648329,68.93893863531235,114.30073038286609,23.20646595395774
451,1.2527777777777778,146.38899080777105,68.67143406378635,114.34996168152581,23.71540411750008
452,1.2555555555555555,148.17854491723512,68.49057107437656,114.38071433263804,24.214276011494125
453,1.2583333333333333,149.3378453576265,68.39632110371986,114.3812326215397,24.498681646889438
454,1.261111111111111,150.96212842036394,68.31497838932448,114.4168986519567,24.997303323534727
455,1.2638888888888888,152.41518495081212,68.28022600131688,114.46329952243251,25.514033519053843
456,1.2666666666666666,153.63459889003306,68.35708616436837,114.50428761402515,26.05132182976986
457,1.2694444444444444,154.34084265420353,68.43104529899993,114.52282380315444,26.38615229582242
458,1.2722222222222221,155.20740151254776,68.75647899815054,114.52956692041099,26.852831882180595
459,1.275,155.98797234346907,69.16016824362701,114.54239225641614,27.539751668592853
460,1.2777777777777777,156.59819138769492,69.57643380721932,114.6279976428052,28.08653594810344
461,1.2805555555555554,156.70993457835306,70.2414386678828,114.75855269775549,28.63739120969157
462,1.2833333333333334,156.64600146467185,70.76791052780518,114.80584752868907,28.964128942906182
463,1.2861111111111112,156.56692220994128,71.53804497981685,114.86256118816935,29.192602090292418
464,1.288888888888889,156.2666384730781,72.34384786433928,115.00763705954316,29.698158676389205
465,1.2916666666666667,155.75664466249341,73.23758809271801,115.11568152091462,30.29591524503313
466,1.2944444444444445,155.49086997164284,73.78465754488005,115.1737777098341,30.597695289478928
467,1.2972222222222223,154.79688873875384,74.66042896252327,115.2676229699503,31.1133955697457
468,1.3,153.86213407541482,75.60618294338,115.41242431265965,31.44532179089859
469,1.3027777777777778,152.8418175807561,76.61139487757121,115.5522673595544,31.972123983336473
470,1.3055555555555556,151.7871148421915,77.50899117284479,115.71507779536729,32.483715563104624
471,1.3083333333333333,150.91102051578076,78.14263358742976,115.8266613245497,32.81550859271247
472,1.3111111111111111,149.59038253402875,79.092863298534,116.00275424933349,33.29568111505782
473,1.3138888888888889,148.16702800873196,80.08603643701478,116.17899834529341,33.798468163735066
474,1.3166666666666667,146.48099680191885,81.14577272227989,116.38228300188096,34.3092562399689
475,1.3194444444444444,145.41610999959428,81.85150954112403,116.52870545461266,34.62946551641965
476,1.3222222222222222,143.81314808886637,82.91451742093162,116.75648689553559,34.925468011843975
477,1.325,142.20689107416015,83.98886068815425,117.01890769168594,35.24975647997177
478,1.3277777777777777,140.43914040654158,85.09766427807709,117.27935682921806,35.70877770039199
479,1.3305555555555555,138.67397823399136,86.22908739064198,117.56294121146823,35.99234904093
480,1.3333333333333333,137.4543774696591,87.01658643080131,117.76152795764162,36.237780795126504
481,1.336111111111111,135.63407745547687,88.22703413948416,118.08030076380743,36.73125016515794
482,1.3388888888888888,133.84636271384016,89.427671268345,118.43653095364976,37.113468202030454
483,1.3416666666666666,132.05566728198684,90.5483538893323,118.79003506476103,37.449396969491865
484,1.3444444444444446,130.9026759485698,91.29484046647944,119.03054729480633,37.691498118112655
485,1.3472222222222223,129.1977411674087,92.47577050035206,119.40816311095907,38.164707957662216
486,1.35,127.49833342387744,93.63956543195063,119.81331840926224,38.66223049252711
487,1.3527777777777779,125.74076168819562,94.7522791293407,120.22779715819595,39.182481201531466
488,1.3555555555555556,124.08317929671368,95.88379841380105,120.63263659680541,39.73230433825639
489,1.3583333333333334,122.99403133167137,96.64960578137831,120.92228859659237,40.07781529321335
490,1.3611111111111112,121.30081398775262,97.80107640326963,121.36662905434557,40.50598814352012
491,1.363888888888889,119.6630266198605,98.93959908576412,121.84440276351043,41.12957115974897
492,1.3666666666666667,118.08239970810882,100.06914765689986,122.32710432635965,41.60801499789962
493,1.3694444444444445,116.9961874316866,100.82763514689871,122.63376042458543,42.098834168185654
494,1.3722222222222222,115.3164943806589,101.99214541422664,123.09259286741303,42.66429744662259
495,1.375,113.73001146139055,103.21550720708181,123.58009337140125,43.375776509404396
496,1.3777777777777778,112.1322088024975,104.44925123954697,124.08162087135452,43.95604819927857
497,1.3805555555555555,110.57585793271241,105.59800610695336,124.5538060637786,44.50533211976227
498,1.3833333333333333,109.54063001425642,106.32642918832748,124.87508253855061,44.964181678413276
499,1.386111111111111,108.04318900432898,107.51757903693519,125.39086443862256,45.55995947745185
500,1.3888888888888888,106.60043786448493,108.65640356414934,125.85291145298088,46.27037046553186
501,1.3916666666666666,105.09976015385855,109.76633065837781,126.35520569116952,46.9049286614407
502,1.3944444444444444,104.16348069249189,110.49035632374905,126.6958533731567,47.376933824195866
503,1.3972222222222221,102.72422450113136,111.60017592058574,127.23486024708514,48.19070125152228
504,1.4,101.34548259726864,112.61141741041587,127.79411241830418,48.99937514427442
505,1.4027777777777777,99.86627314119018,113.57203212826136,128.3432716067009,49.82502699730355
506,1.4055555555555554,98.54060391528427,114.46903813574438,128.9383470705158,50.722638571405675
507,1.4083333333333334,97.60847159316684,115.01261573153474,129.34560698494727,51.31606719027516
508,1.4111111111111112,96.24781410133001,115.77556391799529,129.93948971111988,52.215125584009066
509,1.413888888888889,94.92681534465241,116.47222329344034,130.63434518301224,53.13216585953653
510,1.4166666666666667,93.76855459705885,117.04810990767118,131.29861809726586,53.963648063223665
511,1.4194444444444445,92.97843146681625,117.32296148992036,131.7422588831288,54.49865374439863
512,1.4222222222222223,91.65116319177625,117.59809902546581,132.42954450793806,55.390694486542344
513,1.425,90.35658791708077,117.73268880142169,133.13536063090976,56.00170737776489
514,1.4277777777777778,89.22674078665767,117.74595111510936,133.80091496881585,56.565043040913665
515,1.4305555555555556,87.92273009892918,117.61527980829787,134.48458520633304,57.017737530838566
516,1.4333333333333333,87.05842885744006,117.47338597999736,134.92185557713702,57.29824738930365
517,1.4361111111111111,85.78613655356378,117.23003944268753,135.5921182498539,57.683224775387984
518,1.4388888888888889,84.56098530468968,116.92783648275416,136.25701364589963,57.889083517693834
519,1.4416666666666667,83.57050901429098,116.4560948594781,136.92618301876615,57.95030070480411
520,1.4444444444444444,82.78740878005333,116.11671908984549,137.34175717541333,57.92653724857794
521,1.4472222222222222,81.49405140939228,115.57897348025394,137.92121614181747,57.814446391647905
522,1.45,80.14994641917777,115.01931886717385,138.45852866584582,57.555792156542054
523,1.4527777777777777,78.89586015829421,114.36516379872265,138.8564725520732,57.204995591170885
524,1.4555555555555555,77.69248396477268,113.53584194977395,139.16089026041956,56.724986651138956
525,1.4583333333333333,76.77538609877925,113.03765991836417,139.33138276658934,56.33669489557504
526,1.461111111111111,75.52593411736855,112.1547332176552,139.39202329414866,55.734163151282424
527,1.4638888888888888,74.29119016391985,111.1885378294429,139.33079159562968,55.03855899442957
528,1.4666666666666666,73.05304877014322,109.9660240428868,139.2270774024816,54.26149195848993
529,1.4694444444444446,72.24995826264403,109.16647401478248,139.06554009733844,53.70194853477105
530,1.4722222222222223,70.94466768488046,107.88302127441308,138.7839177642554,52.891564976952466
531,1.475,69.56386321946727,106.69123202102742,138.39940250828732,52.053253814445014
532,1.4777777777777779,68.41374664790595,105.53546295489319,137.9475259113907,51.04515464118186
533,1.4805555555555556,67.20243615689925,104.34609209976264,137.47569905285494,50.11387158526054
534,1.4833333333333334,66.35188417477171,103.53146510062922,137.091190690831,49.465610033763696
535,1.4861111111111112,65.15369813754324,102.5724828783277,136.48642265884718,48.42545557934094
536,1.488888888888889,63.999927447279745,101.53069868031503,135.8832458268873,47.6356999673106
537,1.4916666666666667,62.783735924142185,100.50922575105876,135.19415422898118,46.73207109695101
538,1.4944444444444445,62.07342694823115,99.85817654255459,134.69809364404506,46.0630049840953
539,1.4972222222222222,61.025573335807515,98.99222250220073,133.9324744900065,45.188128967872494
540,1.5,59.96336436551407,98.12163636070409,133.12855328536494,44.39060972356641
541,1.5027777777777778,58.87990934452841,97.25146664731723,132.28457446892563,43.62913710084989
542,1.5055555555555555,57.808491364420476,96.4247239438835,131.43362012774583,42.82847420365447
543,1.5083333333333333,57.08886542225746,95.8042081074368,130.84562103488514,42.25729250581328
544,1.511111111111111,56.02480019762406,94.8953423025115,129.9920269411825,41.30294877050789
545,1.5138888888888888,55.03397652996369,93.98993468030939,129.13165290807896,40.42842716957525
546,1.5166666666666666,54.00943688179325,93.09882731740464,128.3029567937732,39.7140432341613
547,1.5194444444444444,53.355813618421585,92.38042170764808,127.79139612540702,39.24826743215498
548,1.5222222222222221,52.50379651888298,91.27233654342224,127.02553647807721,38.57970666530285
549,1.525,51.84503369485221,90.19722457608347,126.2142413667595,37.99132869266489
550,1.5277777777777777,51.23744799755459,89.07950025444457,125.38522400465244,37.354673156334606
551,1.5305555555555554,50.73667989411834,87.89010973919345,124.52316834544922,36.70773596878957
552,1.5333333333333334,50.56853486259315,87.01135386894045,123.95226427194882,36.24112398918776
553,1.5361111111111112,50.60518522561068,85.91204380587178,123.0457308738078,35.496931196459066
554,1.538888888888889,50.96657580445882,84.88255441040106,122.03596553780487,34.783610197368965
555,1.5416666666666667,51.78424110144918,83.6269781072964,120.9652186153711,34.14586175537293
556,1.5444444444444445,52.33450425485003,82.87179935429963,120.19617668405523,33.6678963042713
557,1.5472222222222223,53.757926801360654,81.77167254289547,119.02936113500353,32.995271873509864
558,1.55,55.81244286652336,80.6737450531352,117.760012896741,32.30966357893403
559,1.5527777777777778,58.19829627148946,79.65398491096086,116.45922546462184,31.59591832529437
560,1.5555555555555556,60.88237425526275,78.60261642757641,115.03776687296418,30.796283854327104
561,1.5583333333333333,62.896449702418224,77.99601440468953,114.06108707954597,30.11500840320956
562,1.5611111111111111,66.35767758915311,77.07947102667661,112.66620996216167,29.170252301242613
563,1.5638888888888889,70.06909985863561,76.24320320511404,111.28435304390199,28.054123193940818
564,1.5666666666666667,74.5413102958446,75.43581593828638,109.92081439616243,26.671558885676546
565,1.5694444444444444,77.5548944165334,74.85825855001481,109.04540260335389,25.791298150916376
566,1.5722222222222222,82.56975079567546,74.1889992383067,107.71757203219033,24.355709712729574
567,1.575,88.2374259785608,73.69977246825096,106.38772467810311,22.999777242291472
568,1.5777777777777777,94.50090865534989,73.50192126543102,105.10409551575411,21.650601173110115
569,1.5805555555555555,100.88328901240058,73.63969651760219,103.86285029970212,20.21294462444579
570,1.5833333333333333,105.84696556671544,74.04126289086663,103.06799217848865,19.016550305172338
571,1.586111111111111,112.99973092871745,75.17902854100778,101.91971560526649,17.009872420355762
572,1.5888888888888888,119.4700442892529,77.00181942676176,100.91565640474666,14.822889783656795
573,1.5916666666666666,124.26783055863761,79.58651178157858,100.08197364288777,12.67240640676185
574,1.5944444444444446,126.169167584427,81.57941434245988,99.69179530667586,11.370771617312275
575,1.5972222222222223,127.20780927710507,84.95273344266626,99.34485172929,9.41745326345611
576,1.6,127.1562950498083,88.20934355313933,99.16983625592563,7.607265665299348
577,1.6027777777777779,126.92433342974489,90.96624218434475,99.10490186317763,6.285497988284912
578,1.6055555555555556,125.47808763780321,93.47422814689267,99.15124634810837,5.202686359112754
579,1.6083333333333334,124.5368237167062,94.76531926399994,99.21545826972876,4.826944762720956
580,1.6111111111111112,122.87788228559616,96.52245903081553,99.40009369757234,3.58597903999137
581,1.613888888888889,121.07339732817805,97.58903743333254,99.6436401365855,2.6488845884993077
582,1.6166666666666667,119.21185754760903,97.98031191637538,99.97033357621545,1.894687077625145
583,1.6194444444444445,118.16225274354542,97.63539038776362,100.24015122125748,1.3652485194397728
584,1.6222222222222222,117.11904667530703,96.5615581812667,100.73475653858813,0.6269916253250755
585,1.625,117.01624720164938,94.79387432046329,101.28327276941612,0.06350410634533102
586,1.6277777777777778,118.4922620210488,92.36817298491087,101.94576325338787,0.03549740125894718
587,1.6305555555555555,121.33115249892177,89.60380292652607,102.71309428158287,0.07751493854147161
588,1.6333333333333333,123.73245192933847,87.75462370557918,103.26227973115496,0.010111196825436791
589,1.636111111111111,128.08448112189163,84.94422496331973,104.11831762769629,0.44062390506116267
590,1.6388888888888888,132.3486845895487,82.21702126405326,104.97922765028625,1.20892297681907
591,1.6416666666666666,136.46309992791805,79.61317565704087,105.91646636598492,2.848048718313195
592,1.6444444444444444,139.3336764906858,77.7999467261522,106.56851196151277,4.247406885202971
593,1.6472222222222221,141.84515775568252,75.56228870926257,107.58949955304084,6.68069089408537
594,1.65,142.16471141146712,73.88575027520042,108.60931216763413,9.336388820053877
595,1.6527777777777777,141.67483634134516,72.28818912346638,109.68932827472271,11.420972830634724
596,1.6555555555555554,141.19125841275627,70.35879117143399,110.78263752544885,13.623916286061952
597,1.6583333333333334,140.9601502476424,69.00183542652725,111.53676981379081,14.753901857363845
598,1.6611111111111112,140.40063652971645,67.0220662365674,112.66291244719312,16.492809934459416
599,1.663888888888889,139.69137029279275,64.99661470618456,113.77876620231346,18.45858725512248
600,1.6666666666666667,138.85744153502756,63.126118858749635,115.01454452987919,20.298236512789536
601,1.6694444444444445,138.15922796598878,61.844016260918224,115.86255955156702,21.480849741496538
602,1.6722222222222223,137.73639854437576,59.782459912289895,117.05447874603304,23.200345368726275
603,1.675,138.03575433010764,57.78845400888087,118.12263538704923,24.59603416817158
604,1.6777777777777778,138.71051675366664,56.33432628091322,119.11422821023919,26.0051585156805
605,1.6805555555555556,138.4388183923121,55.280383642344006,120.12607305127729,27.338537395178264
606,1.6833333333333333,138.01308496378581,54.727533115863274,120.81724120220949,28.235626333707664
607,1.6861111111111111,138.18412667128328,54.11351826847502,121.87975435133134,29.324771086994538
608,1.6888888888888889,137.88871394807083,53.620638680538846,122.9825202608723,30.298813884556072
609,1.6916666666666667,137.69529407787263,53.242372007758675,124.16657148149268,31.27388215985699
610,1.6944444444444444,137.63131332309877,53.08419410283367,124.95294253640576,31.798779754889637
611,1.6972222222222222,136.88953853005393,52.78886158943349,126.15771443768318,32.72867928297361
612,1.7,135.7071043177545,52.4721559243657,127.31694464826292,33.603859647284246
613,1.7027777777777777,134.71499887593575,52.119145236029134,128.40611335968265,34.44559794793389
614,1.7055555555555555,133.6581220160094,51.929237050234306,129.40818737800296,34.95870522829
615,1.7083333333333333,132.97965069535533,51.62841054637989,130.0258871869163,35.157514540344046
616,1.711111111111111,131.50632337518584,51.16613901232734,130.89476780677734,35.149824003671235
617,1.7138888888888888,129.89590468198506,50.49800160724313,131.64903381044266,35.01419811774143
618,1.7166666666666666,129.30755548090983,49.56639159361635,132.35671980808758,34.74111720474861
619,1.7194444444444446,129.29573768863236,48.86706067432695,132.75613490157792,34.508236144995934
620,1.7222222222222223,129.14959406787764,48.03451572445122,133.3037596169849,34.3339973209621
621,1.725,129.01317312082028,47.156759830089214,133.7517308196899,34.15819849116437
622,1.7277777777777779,128.94818041285473,46.131575701965644,134.09145872675248,34.09195970796522
623,1.7305555555555556,128.68903509699248,44.89490426198961,134.4304692430337,33.97440014697329
624,1.7333333333333334,128.43339548975504,43.96125749190965,134.67152160179063,34.04191547633344
625,1.7361111111111112,128.27654995133707,42.43364569206288,135.02099793237718,34.13639033637256
626,1.738888888888889,128.07568427532976,41.137777886030875,135.34324550189208,34.376577526723736
627,1.7416666666666667,127.95957098191754,39.89198886146744,135.5942140233134,34.87060417731528
628,1.7444444444444445,127.87762872865954,39.098803016809235,135.80661130319507,35.23463148528705
629,1.7472222222222222,127.73517475152774,37.59943518187231,136.18948197578987,35.779196500042865
630,1.75,127.6361199045998,36.611121314909575,136.65949377832845,36.28588215603256
631,1.7527777777777778,127.65432996955732,35.84143656123181,137.17309225518915,36.74852723510048
632,1.7555555555555555,127.70083934161391,35.162211971444876,137.74839501805653,37.14032121194306
633,1.7583333333333333,127.77232256238207,34.76529838989007,138.16687241409034,37.401818874270226
634,1.761111111111111,127.82411072122045,34.19960436974111,138.81658302708155,37.70894655598813
635,1.7638888888888888,127.91105015132872,33.564942137048796,139.42148272822655,37.88297227404702
636,1.7666666666666666,128.01962287609763,32.94651421150791,140.03582798692332,38.070656843189184
637,1.7694444444444444,128.14672549365972,32.64885436361761,140.45941304217476,38.23662031702409
638,1.7722222222222221,128.36544197933713,33.20494427320153,141.04205300104067,38.536634516446554
639,1.775,128.5454413669203,33.86688039948159,141.64840328144683,38.83045985824409
640,1.7777777777777777,128.81727511799048,34.37529051131719,142.17627105739223,39.037884091062466
641,1.7805555555555554,129.1027570839327,34.82914855489858,142.72888831586,39.396646267269226
642,1.7833333333333334,129.269605434849,35.10125287373673,143.03840984502975,39.597403613602566
643,1.7861111111111112,129.56863722764726,35.362768213261866,143.41791284097096,40.174037888213924
644,1.788888888888889,129.8143529374532,35.54176403741712,143.68139802347963,40.726229388700716
645,1.7916666666666667,130.1198595163203,35.62712053250715,143.85506208798367,41.1593908739508
646,1.7944444444444445,130.25913623188174,35.6524865722238,143.93128861201595,41.50049281051711
647,1.7972222222222223,130.3878352139732,35.548581963770914,143.96272977551732,41.917776657284215
648,1.8,130.38068430781948,35.488089454125564,143.93996744565874,42.23129369435322
649,1.8027777777777778,130.3844386930258,35.43405091295247,143.76189267099608,42.523279275251255
650,1.8055555555555556,130.33986563623196,35.450781694240476,143.47360636290742,42.66902626689227
651,1.8083333333333333,130.30405740824708,35.43068898787993,143.21710822334188,42.809698231916194
652,1.8111111111111111,130.203997675863,35.502357827188014,142.75302216980023,42.861578221345944
653,1.8138888888888889,130.03971209641668,35.486658387942924,142.2031850256259,43.00104640686441
654,1.8166666666666667,129.85732146704092,35.49922380505725,141.5279646137821,42.892462370599695
655,1.8194444444444444,129.77104178033767,35.46051132865395,141.03026145819342,43.08755304971662
656,1.8222222222222222,129.7397673020557,35.43612969470167,140.22929602547885,43.107451879055965
657,1.825,129.87099647457177,35.373789745327024,139.36246346273654,43.30915226804513
658,1.8277777777777777,129.95664047715593,35.38458300938407,138.50988062909283,43.5434450130747
659,1.8305555555555555,130.0754569432312,35.332416669881084,137.58399721393204,43.80271657934025
660,1.8333333333333333,130.15229255141006,35.33558220422506,136.911714874974,43.87337795991389
661,1.836111111111111,130.2838699229499,35.30572299277363,135.87931099335276,44.06225618626508
662,1.8388888888888888,130.3170605616299,35.26350298095974,134.8544824125416,44.134800120410816
663,1.8416666666666666,130.31244217879222,35.11836664833253,133.8183348108129,44.292229032785
664,1.8444444444444446,130.3283014687757,35.055219662371016,133.09431542427433,44.33844179520491
665,1.8472222222222223,130.2795135146862,34.99212676095169,132.0165029057289,44.583787865319245
666,1.85,130.21706717202082,34.88992065613529,130.97068315811777,44.661609551339566
667,1.8527777777777779,130.0655261527907,34.734402072975996,129.8831139818257,44.86370937200574
668,1.8555555555555556,129.84107726067137,34.52773051884859,128.85113293588321,45.080594061194965
669,1.8583333333333334,129.70051775784506,34.44898148426484,128.17555337507483,45.220052178434166
670,1.8611111111111112,129.48198416967102,34.2976819664167,127.17351550976568,45.46092380089118
671,1.863888888888889,129.08703540696484,33.998531786337345,126.19016205459151,45.69821253465338
672,1.8666666666666667,128.67229554820503,33.688458326633594,125.25993167626434,45.99376653029885
673,1.8694444444444445,128.4786330758339,33.545992606816256,124.6592069460614,46.114846125699486
674,1.8722222222222222,128.06211122838386,33.22828585581968,123.81785731575299,46.27079147310103
675,1.875,127.6394696493347,32.9848695028089,122.92774716472204,46.393699187143866
676,1.8777777777777778,127.19824902612596,32.66953272392845,122.15592059271209,46.308586478444006
677,1.8805555555555555,126.770554922851,32.36953408783315,121.37972717252514,46.290862715248366
678,1.8833333333333333,126.55352105504024,32.19442807907248,120.85941263584901,46.28181670338653
679,1.886111111111111,126.19658101294567,31.8673080888753,120.10217517578003,46.245414294277225
680,1.8888888888888888,125.90605069910958,31.595641069182594,119.37515904140535,46.11868453304535
681,1.8916666666666666,125.5873384201087,31.275623051106148,118.7088500879501,45.89464459422359
682,1.8944444444444444,125.34704998669889,31.022441902316803,118.27650505311645,45.730342012182355
683,1.8972222222222221,125.00288847571781,30.667972547578668,117.57735543843177,45.416736399910796
684,1.9,124.67602239459033,30.28714928775607,116.9242793583927,44.973561687170125
685,1.9027777777777777,124.37240639397561,29.93029328302312,116.35785258741517,44.48858253511227
686,1.9055555555555554,124.08728016932346,29.556869222263114,115.79248846435776,43.81911661626047
687,1.9083333333333334,124.00549529265687,29.33459435422507,115.3876671879116,43.480933234934525
688,1.9111111111111112,123.95308580165938,28.966211056821255,114.8312202336,42.748178754011576
689,1.913888888888889,124.03347769923376,28.593709400422455,114.30180059439574,42.278839169384725
690,1.9166666666666667,124.1745114338947,28.213073204240896,113.78310595341591,41.67922367461114
691,1.9194444444444445,124.33233692346197,27.937302583333498,113.43072538404235,41.22512844539897
692,1.9222222222222223,124.59458839278773,27.499152572142496,112.86488889134138,40.5003861559659
693,1.925,124.86683165173159,26.990138469352374,112.34717510661059,39.63321601553639
694,1.9277777777777778,125.20734121316941,26.521265508019457,111.89496169534699,38.78810129025383
695,1.9305555555555556,125.73874272045515,25.998549777685376,111.47008023873606,37.86608192570671
696,1.9333333333333333,126.12725364432491,25.66320050410334,111.17787094060765,37.31746643582543
697,1.9361111111111111,126.67225649360486,25.113311712983485,110.7123758353116,36.380866308461464
698,1.9388888888888889,127.19459961389455,24.564105038580184,110.24189577019759,35.43493509431464
699,1.9416666666666667,127.63596784871687,23.955147627040926,109.77324494652268,34.48342560927523
700,1.9444444444444444,127.85546342525987,23.54455119588188,109.48584677736962,33.95122786011036
701,1.9472222222222222,128.41496418752422,22.88065542921053,109.06139688443787,33.03050231782955
702,1.95,128.97801055456372,22.10833603286471,108.63568352732229,32.17865023280282
703,1.9527777777777777,129.51090920223743,21.299034051858502,108.20484474070673,31.25126859609981
704,1.9555555555555555,130.03264263399515,20.55929244176597,107.80735464509203,30.375940660884005
705,1.9583333333333333,130.3850775338728,20.062145145350126,107.53317324452861,29.792164370784885
706,1.961111111111111,130.84952075155377,19.236777962988796,107.16581467798491,28.731660601740685
707,1.9638888888888888,131.35789768023295,18.38989876325503,106.73889373319454,27.875352614083248
708,1.9666666666666666,131.89781279237397,17.63502986937938,106.38644701004067,26.92458305782994
709,1.9694444444444446,132.22620494152503,17.09041971265545,106.15079711249534,26.356692827902588
710,1.9722222222222223,132.76251318717138,16.33216917366917,105.80806650370046,25.355401737283593
711,1.975,133.28049354789977,15.34998426884055,105.45039506043318,24.40414393090756
712,1.9777777777777779,133.77385587411658,14.501258297055866,105.10558527543263,23.466056411038455
713,1.9805555555555556,134.3278300704547,13.721993932883434,104.81389085954054,22.44568304362526
714,1.9833333333333334,134.71688531401585,13.236374627834117,104.62913322945498,21.854080324600197
715,1.9861111111111112,135.29181402833285,12.42697554588355,104.36386998361463,20.83821104176593
716,1.988888888888889,135.85919585152385,11.658279067385577,104.1340503525609,19.809265566589847
717,1.9916666666666667,136.455919470223,10.95205232896176,103.88842058792258,18.770850029328457
718,1.9944444444444445,136.8368676584094,10.420549058136944,103.76388118633346,18.044677325803182
719,1.9972222222222222,137.3553381642747,9.575468495533691,103.5512282084468,17.020296961329095
720,2.0,137.78028014128134,8.74164843597392,103.34720037387301,15.91373748631175
721,2.0027777777777778,138.21240075387024,7.8995525900783345,103.23119621196122,14.890625903830037
722,2.0055555555555555,138.65157479585645,7.035546584152767,103.05757292917532,13.826076487693792
723,2.0083333333333333,138.85876616841244,6.419493130531662,102.97406849026387,13.164794699537953
724,2.011111111111111,139.22677281557668,5.551269059680437,102.91600327713326,12.047163281668512
725,2.013888888888889,139.52997000653357,4.642993586935888,102.80850218471127,11.129084713175759
